Date,Title,Uri,img_alt,img_path,Caption,Colours,Style,Subject,Keywords,Images
2024-12-17,Couple more quick portrait #scribble,at://did:plc:3kqj3ksyfct7pip5j5dnmjcu/app.bsky.feed.post/3ldikpvzdcc2u,,bafkreid5a5reckocx2qcniwerhdp4dwydfjpxt7t3ffautvykcvtl6yzzy.jpg,"A quick, loose sketch portrait on a spiral-bound sketchbook showing a figure wearing a hat with some kind of decoration or bow. The drawing is executed in a minimal, gestural line style focusing on the essential features of the face and upper body.","(['Black (ink/pencil lines)', 'Light gray (paper)', 'Warm brown (visible wooden surface beneath)'],)","(['Minimalist line drawing', 'Gestural sketch', 'Contemporary sketch', 'Quick study', 'Continuous line technique'],)","('A portrait sketch showing a figure in three-quarter view, wearing a wide-brimmed hat with decorative elements. The drawing captures essential features with minimal, confident strokes.',)","['line drawing', 'sketch', 'portrait', 'hat', 'minimal', 'profile', 'contemporary art', 'gestural', 'sketchbook', 'quick study', 'fashion illustration', 'modern drawing']",
2024-12-17,Couple more quick portrait #scribble,at://did:plc:3kqj3ksyfct7pip5j5dnmjcu/app.bsky.feed.post/3ldikpvzdcc2u,,bafkreiemva6yjipucqyw6mmmhfmn4kayggsk4q3lflic3ebawsb4onneii.jpg,"A sketch portrait done in a loose, gestural style showing a figure wearing glasses. The drawing uses quick, sketchy lines to capture the essence of the subject, with particular attention given to the glasses frames, facial features, and the suggestion of a collar or neckline.","(['Black (ink)', 'Grey/white (paper)', 'Wooden tone (visible desk in background)'],)","(['Gestural drawing', 'Quick sketch', 'Loose line art', 'Continuous line technique', 'Contemporary sketch'],)","('A bust-style portrait sketch showing a figure with short hair and rectangular glasses, rendered in an expressive line drawing style with minimal detail but effective capture of form',)","['sketch', 'portrait', 'line drawing', 'glasses', 'contemporary art', 'pen drawing', 'gestural', 'minimalist', 'expressive', 'quick study', 'black and white', 'loose style']",
2024-12-30,Breakfast in Hanhdorf #scribble,at://did:plc:3kqj3ksyfct7pip5j5dnmjcu/app.bsky.feed.post/3leknzl24ps2e,,bafkreic275kgovi3vqn3c7xp6kqxv5rrxxncdje7nvoynlqlxe6f73qnmy.jpg,"(""A watercolor sketch of a charming house exterior with stone or brick walls in warm orange tones. The scene features a large tree with green foliage on the left, two windows with dark frames, and a small figure standing near the entrance. There's a planter or bench visible in the foreground. The sketch is held down with black binder clips and appears to be in a sketchbook."",)","(['Green (foliage)', 'Brown (tree trunk)', 'Orange/Yellow (walls)', 'Grey/Purple (shadows)', 'White (paper)', 'Black (ink lines)'],)","('Urban sketching/Plein air watercolor, loose and impressionistic with ink line work',)","('Architectural sketch of a residential building exterior with natural elements',)","['Urban sketch', 'Watercolor', 'Architecture', 'House', 'Tree', 'Windows', 'Stone wall', 'Plein air', 'Garden', 'Streetscape', 'Building exterior', 'Nature', 'Quick sketch', 'Loose style', 'Mixed media']",
2024-12-31,hefeweizen! #scribble,at://did:plc:3kqj3ksyfct7pip5j5dnmjcu/app.bsky.feed.post/3lektuhruyk2e,,bafkreig5j2vebtrqlkqrdlzsefmjkmlpbnuh62ya5wctgbyzfdq2sw4lwi.jpg,"('A watercolor painting of a rustic stone building entrance with a wooden door and decorative wooden railings. The building features a circular green sign or window at the top, and what appears to be a name or text in green above the door. There are small plants or shrubs in planters along the railing, and foliage visible on the sides of the composition.',)","(['Beige/Tan (stone walls)', 'Brown (wooden door and railings)', 'Green (plants and signage)', 'Blue (sky)', 'Purple/Mauve (ground)', 'Yellow (subtle tones in stonework)'],)","('Casual watercolor sketch/Urban sketching style with loose, informal brushwork and architectural focus',)","('A quaint building entrance with stone walls, featuring rustic architectural elements like wooden cross-braced railings and a wooden door, possibly a shop or restaurant entrance',)","['watercolor', 'architecture', 'rustic', 'stone building', 'wooden door', 'garden', 'entrance', 'cottage', 'urban sketch', 'planter boxes', 'cross-braced railing', 'building facade']",
2025-01-03,Tasting some wine and painting some postcards #scribble,at://did:plc:3kqj3ksyfct7pip5j5dnmjcu/app.bsky.feed.post/3lesgurvhb22e,,bafkreidmbjltf2nxbsgigcchdlezt7mlmk27cexlxkgbrewgqeoiuisgoq.jpg,"A watercolor sketch of a large institutional building with distinctive arched windows and a tower. In the foreground, there's a figure wearing yellow sitting by what appears to be a stone wall, with green foliage or grass in the middle ground.","(['Salmon pink', 'Grey', 'Forest green', 'Yellow', 'Light blue (sky)', 'Brown', 'White (negative space)'],)","('Quick urban sketch/architectural watercolor, loose impressionistic style with casual brushwork and informal composition',)","('An architectural study of what appears to be a large institutional or religious building, possibly a church, school, or monastery, with a figure included for scale and human interest',)","['Architecture', 'Watercolor', 'Urban sketch', 'Building', 'Arched windows', 'Tower', 'Landscape', 'Foliage', 'Historic building', 'Plein air', 'Quick sketch', 'Garden', 'Institutional architecture']",
2025-01-07,Starting to frame some old #scribbles,at://did:plc:3kqj3ksyfct7pip5j5dnmjcu/app.bsky.feed.post/3lf5c6hdmhs2t,,bafkreicaxng7rciambfh73mnrvjg66jp7wxw2ra55qnkpsgavtcqjtcgay.jpg,"(""A portrait painting showing a profile view of a person with short yellow-blonde hair wearing glasses against a warm terracotta background. The artwork appears to be executed in a simple, expressive style with minimalist details. The subject is wearing what appears to be a light-colored top, and there's a small purple detail near the ear that could be an earring."",)","(['Terracotta/Burnt orange (background)', 'Yellow/ochre (hair)', 'Pale yellow/cream (skin tones)', 'Purple (small detail/earring)', 'Brown (glasses)', 'White (frame)'],)","(['Contemporary portrait', 'Minimalist', 'Watercolor painting', 'Expressive', 'Profile portrait'],)","('A side-view portrait showing the profile of someone wearing glasses, depicted in a minimalist style with simple color blocking and minimal detail work',)","['portrait', 'profile', 'watercolor', 'glasses', 'minimalist', 'contemporary art', 'terracotta', 'blonde', 'side view', 'framed artwork', 'earring', 'modern portrait']",
2025-01-07,Morning tram #scribbles with my new fude pen,at://did:plc:3kqj3ksyfct7pip5j5dnmjcu/app.bsky.feed.post/3lf6l2kjk522m,,bafkreiarifdfezdzscs465pttrxcp6hxfbmxzc3qsoacvoj2ui7szkhanu.jpg,"('A sketchbook spread showing two quick figure studies. On the left page is a person sitting on what appears to be a bench or seat, hunched over in a contemplative pose. On the right page is a standing figure wearing a hat, shown in profile view looking at or holding something in their hand.',)","(['Black/grey ink', 'White paper', 'Red (bookmark detail)'],)","(['Quick gestural sketches', 'Urban sketching', 'Loose line drawing', 'Minimalist', 'Observational drawing'],)","('Urban life studies capturing everyday moments - one figure seated in repose and another standing figure, possibly looking at a mobile phone or device',)","['sketch', 'figure drawing', 'urban sketching', 'gestural', 'line drawing', 'people watching', 'daily life', 'minimalist', 'observational', 'sketchbook', 'pen drawing', 'quick study']",
2025-01-08,Office fruit bowl #scribble,at://did:plc:3kqj3ksyfct7pip5j5dnmjcu/app.bsky.feed.post/3lfb5ajum2k2x,,bafkreidt47phj6q3vqo7ip3jmcatdpzn3jxa2bsun27mwe6hv6g4jhlogu.jpg,"('A black and white sketch of bananas on a plate, rendered with quick, expressive brush strokes. The drawing shows three bananas clustered together, with hatching and line work to create depth and form.',)","(['Black', 'White', 'Grey (through varying ink density)'],)","(['Gestural sketch', 'Loose illustration', 'Quick study', 'Ink wash drawing', 'Monochromatic'],)","('Three ripe bananas arranged on what appears to be a round plate or dish, drawn from a slightly elevated angle',)","['bananas', 'fruit', 'still life', 'sketch', 'ink drawing', 'monochrome', 'food illustration', 'brush drawing', 'kitchen art', 'botanical', 'quick sketch', 'produce', 'study']",
2025-01-11,Pieces keep moving as fast as i can #scribble,at://did:plc:3kqj3ksyfct7pip5j5dnmjcu/app.bsky.feed.post/3lfggixaugs23,,bafkreidcm6czys6c2te4ij3beqgzl2uxpvrgzxvsalr2t63syhdxeoocoa.jpg,"('A sketch of a chess rook piece drawn in a sketchbook, with a real life-sized chess game visible in the background on what appears to be an outdoor chess board. The drawing shows attention to detail in shading and perspective, while the background shows black and white chess pieces arranged on a grey stone chess board.',)","(['Black and white (chess pieces)', 'Grey (stone chess board)', 'White (paper)', 'Graphite grey (sketch)'],)","('Observational sketch/Still life drawing with emphasis on line art and hatching technique',)","('A chess rook piece drawn from observation of a life-sized chess set, showcasing dimensional drawing and shading techniques to create form and volume',)","['chess', 'rook', 'sketch', 'drawing', 'outdoor chess', 'game', 'pencil art', 'observation drawing', 'still life', 'hatching', 'board game', 'street chess', 'sketchbook']",
2025-01-13,Too many bananas in the office fruit bowl #scribble,at://did:plc:3kqj3ksyfct7pip5j5dnmjcu/app.bsky.feed.post/3lfnpxou7cc2e,,bafkreiavkzuadkjsizjnqzonvtrukoumpicikhobq35ccy2r46rurkmury.jpg,"('A simple line drawing of a bunch of bananas in a bowl, rendered with fluid, confident strokes. The drawing captures the curved form of the bananas and their characteristic bunch structure, with some basic shading and line work to suggest depth and form.',)","(['Black', 'White/cream paper', 'Grey tones from line work'],)","(['Sketch', 'Line drawing', 'Minimalist', 'Gestural drawing', 'Quick study'],)","('A bunch of bananas sitting in what appears to be a simple bowl or container, viewed from a slight side angle showing the curved arrangement of the fruit',)","['bananas', 'fruit', 'bowl', 'sketch', 'line art', 'still life', 'black and white', 'minimalist', 'food illustration', 'kitchen art', 'produce drawing']",
2025-01-14,Another quick #officestilllife #scribble. Doesn't smell as much like banana bread today,at://did:plc:3kqj3ksyfct7pip5j5dnmjcu/app.bsky.feed.post/3lfqajgisxc2v,,bafkreie4agxnzoys3cwrfbgwnhefes2oe4fw3j6y6r3ppatkmnwfvx7mii.jpg,"('A hand-drawn sketch of bananas in a bowl, rendered with bold strokes and cross-hatching techniques. The drawing shows several bananas clustered together in what appears to be a round dish or bowl, with careful attention paid to the curved forms and natural positioning of the fruit.',)","(['Black', 'White', 'Grey (through shading)'],)","('Quick sketch/Still life drawing with an expressive, loose line art style utilizing hatching and cross-hatching techniques',)","('A bunch of bananas arranged in a simple bowl or dish, creating a classic still life composition',)","['bananas', 'fruit', 'still life', 'sketch', 'ink drawing', 'black and white', 'cross-hatching', 'bowl', 'kitchen art', 'produce', 'line art', 'food illustration', 'quick sketch', 'monochrome']",
2025-01-14,This Hijikata/Krueger match has been pretty entertaining #scribble,at://did:plc:3kqj3ksyfct7pip5j5dnmjcu/app.bsky.feed.post/3lfosuhthec2b,,bafkreifzv2lszrui2n4u7276dwojmd4ntagvlpmk35qml3h5f2pbp34mje.jpg,"('A pencil sketch on white paper showing a tennis player in casual athletic wear, wearing a baseball cap and holding a tennis racket. The drawing is done in a simple line art style with basic shading and cross-hatching techniques.',)","(['Greyscale', 'White paper', 'Grey pencil lines'],)","(['Quick sketch', 'Line drawing', 'Contemporary illustration', 'Freehand drawing', 'Gesture drawing'],)","(['An athletic figure in sporting attire', 'Tennis player pose', 'Sports illustration', 'Action portrait'],)","['tennis', 'sports sketch', 'athlete', 'baseball cap', 'racket', 'pencil art', 'line drawing', 'sports illustration', 'athletic wear', 'gesture sketch', 'casual portrait', 'contemporary drawing']",
2025-01-15,Just three bananas left today #officestilllife #scribble,at://did:plc:3kqj3ksyfct7pip5j5dnmjcu/app.bsky.feed.post/3lfsr2q3bdk2m,,bafkreiawirpmqbgahp6ws3zp3zmadhfuchzyj2iejkxeyy7y2jnmyrrkdq.jpg,"('A simple sketch of a glass or crystal bowl rendered in black lines, showing depth and perspective through curved lines and shading. The bowl appears to be round with ridged or cut glass patterns around its circumference.',)","(['Black', 'White', 'Grey tones', 'Off-white paper background'],)","('Quick sketch/Study drawing',)","('A decorative glass or crystal bowl, likely empty, shown from a slight elevated angle to demonstrate its circular form and cut glass pattern',)","['bowl', 'sketch', 'glassware', 'crystal', 'still life', 'home decor', 'kitchenware', 'black and white', 'line drawing', 'curved lines', 'perspective drawing', 'tableware']",
2025-01-18,Learning to sew. #scribble,at://did:plc:3kqj3ksyfct7pip5j5dnmjcu/app.bsky.feed.post/3lfyds3pul22b,,bafkreifp6vs6vhbyhgehxt4sl6lkphcgaapqkbfchk64mhtavwvmpfh2cu.jpg,"('A quick sketch showing someone seated at what appears to be a desk or table, viewed from behind. The figure is rendered in loose, expressive strokes with some objects on the surface in front of them. The drawing captures a casual, candid moment.',)","(['Black', 'Grey (through marker intensity variation)', 'White (paper)'],)","(['Gestural sketch', 'Quick observational drawing', 'Loose line work', 'Contemporary sketch', 'Urban sketching'],)","('A figure viewed from behind while seated at what appears to be a desk or table, captured in a casual everyday moment. The composition emphasizes the back view and posture of the subject.',)","['sketch', 'figure drawing', 'monochrome', 'gestural', 'observational', 'interior scene', 'casual moment', 'desk', 'seated figure', 'back view', 'quick drawing', 'urban sketch']",
2025-01-18,At the tennis #scribble,at://did:plc:3kqj3ksyfct7pip5j5dnmjcu/app.bsky.feed.post/3lfz7ab63i22d,,bafkreifeodtx7x4rdggzyuuqknmbsenqugdvugz57laiq2yv3xuoxttbym.jpg,"('A quick sketch of a tennis player drawn on paper, held up against the backdrop of a professional tennis court arena. The background shows a blue tennis court surface and stadium lighting, suggesting this was drawn live during a tennis match.',)","(['Black (sketch)', 'White (paper)', 'Blue (tennis court)', 'Yellow/Orange (stadium lights)', 'Greyscale (sketch shading)'],)","(['Quick sketch', 'Gestural drawing', 'Live illustration', 'Line drawing', 'Minimalist'],)","('A tennis player in ready position, drawn in profile view, holding a tennis racquet. The figure is rendered with simple lines showing the basic form and posture typical of a tennis player preparing to receive or play a shot.',)","['tennis', 'sketch', 'live drawing', 'sports illustration', 'stadium art', 'Australian Open', 'tennis court', 'athletic figure', 'sports venue', 'action pose', 'gestural sketch', 'field drawing']",
2025-01-19,A lot of sport this weekend. Kinda getting sick of plastic seats. #scribble,at://did:plc:3kqj3ksyfct7pip5j5dnmjcu/app.bsky.feed.post/3lg3hr2esoc2y,,bafkreihv22yuyc3hvtid4mhrsqzxuluptakbibhysyhccyjahcc2eroane.jpg,"('A quick sketch drawn at a sports stadium showing spectators sitting in rows, with the sports field and stadium architecture visible in the background. The sketch is held up against the actual scene it depicts, creating an interesting juxtaposition between the artwork and reality.',)","(['Black', 'Off-white/cream (paper)', 'Background shows green (field)', 'Stadium greys and whites'],)","(['Gestural sketch', 'Urban sketching', 'Quick observational drawing', 'Loose line work', 'Minimalist'],)","(""Stadium crowd scene captured in quick, gestural strokes showing people seated in rows at what appears to be a cricket or sports match, with the venue's architecture providing context"",)","['Urban sketching', 'Stadium art', 'Live drawing', 'Sports venue', 'Crowd scene', 'Gestural drawing', 'Quick sketch', 'Observational art', 'Black and white drawing', 'Melbourne', 'Sports illustration', 'Stadium crowd']",
2025-01-21,Apparently the fruit bowl was refilled while I was off sick. #officestilllife #scribble,at://did:plc:3kqj3ksyfct7pip5j5dnmjcu/app.bsky.feed.post/3lgbth6isjk2a,,bafkreigkrz3hy7tg2q2sqpw5mvcycerdgzyqndn4niv35ixjr72akhwk6u.jpg,A simple sketch of bananas arranged on what appears to be a round plate or dish. The bananas are drawn with crosshatching and shading techniques to give them dimension and form. The drawing captures the natural curved shape and characteristic clustering of bananas.,"(['Black', 'White', 'Various shades of grey'],)","(""Quick sketch/observational drawing with elements of cross-hatching technique. It's a casual, informal still life drawing with an emphasis on capturing form through line work."",)","('A bunch of bananas arranged on a circular plate, depicted from a slightly elevated angle showing the natural curves and grouping of the fruit',)","['bananas', 'still life', 'sketch', 'fruit', 'crosshatching', 'pencil drawing', 'monochrome', 'plate', 'food illustration', 'kitchen art', 'observational drawing', 'produce sketch']",
2025-01-22,Ran out of time again :( #officestilllife #scribble,at://did:plc:3kqj3ksyfct7pip5j5dnmjcu/app.bsky.feed.post/3lgeefeusxk2g,,bafkreifsetrlsr2lamr4joyktj5dffdpkje6hqfp7duxa2gbn3z4xrckey.jpg,"('A black and white sketch of an orange or citrus fruit cut in half, showing the segmented interior and peel. Two small, minimalist figures appear to be climbing or standing on top of the fruit, adding a whimsical or surreal element to the otherwise realistic fruit study.',)","(['Black', 'White', 'Grey (through shading)', 'Paper off-white'],)","('Sketchy illustration combining realistic still life with surreal elements; loose, expressive line work with cross-hatching and tonal shading',)","('A halved citrus fruit (likely an orange) with miniature figures, combining still life with imaginative elements to create a sense of scale play and whimsy',)","['citrus', 'orange', 'fruit', 'sketch', 'ink drawing', 'cross-hatching', 'surreal', 'miniature figures', 'still life', 'black and white', 'food illustration', 'perspective', 'whimsical', 'botanical', 'scale play']",
2025-01-23,Two for the price of one #officestilllife #scribble,at://did:plc:3kqj3ksyfct7pip5j5dnmjcu/app.bsky.feed.post/3lgguuickc22s,,bafkreieyj3wi5k5lzrjdo6wjq52crjdklhvjwypffpblyvon5teuawl37e.jpg,"A pencil sketch showing two still life studies of fruit arrangements. On the left is a bunch of bananas in a dish, and on the right are several apples arranged on what appears to be a plate. The drawings use hatching and shading techniques to create depth and form.","(['Black', 'White', 'Greyscale tones'],)","(['Sketch art', 'Observational drawing', 'Still life', 'Cross-hatching technique', 'Gestural drawing'],)","('Two separate still life studies of fruit arrangements - a bunch of bananas and a collection of round fruits (likely apples), each placed in shallow dishes or plates',)","['still life', 'fruit sketch', 'bananas', 'apples', 'pen drawing', 'hatching', 'black and white', 'observational art', 'kitchen art', 'food illustration', 'fruit bowl', 'study drawing']",
2025-01-26,She made a dress. #scribbles,at://did:plc:3kqj3ksyfct7pip5j5dnmjcu/app.bsky.feed.post/3lgmnmnb2l22q,A pen and ink drawing of a woman. It is drawn from behind and shows her sitting at a table and sewing ,bafkreielepiii3lhuzunv6bhhrgc3kstq2ta7azgks7bywkf3w27gu7ine.jpg,"A sketch of someone working at a sewing machine, viewed from behind. They are seated at a simple table with the machine in front of them. The drawing shows various objects and furniture elements in loose, gestural strokes.","(['Black', 'Grey (through line density)', 'White (paper)', 'Warm beige/cream (paper tone)'],)","(['Quick sketch', 'Observational drawing', 'Gestural', 'Linear', 'Urban sketching'],)","('An interior scene showing a person working at what appears to be a sewing machine, captured from behind in a casual, documentary style. The composition includes the working environment with furniture and floor details.',)","['sketch', 'sewing', 'interior', 'workspace', 'domestic scene', 'craftwork', 'drawing', 'pen and ink', 'observation', 'daily life', 'working', 'furniture', 'studio', 'creative space']",
2025-01-26,No food places open today so some of the #officestilllife may need to be sacrificed. #scribbles,at://did:plc:3kqj3ksyfct7pip5j5dnmjcu/app.bsky.feed.post/3lgogb4gd422d,A pen sketch of two fruit bowls next to each other ,bafkreiej2fcddcozpjn76gq6c4vjkoi77yekzulaacpngbkilpntffk4ri.jpg,A pen and ink sketch of two fruit bowls - one containing bananas and another containing what appears to be an apple and oranges. The drawing shows careful attention to shading and form through hatching techniques.,"(['Black', 'White', 'Various shades of grey'],)","(['Observational sketch', 'Still life drawing', 'Realistic drawing', 'Traditional sketching'],)","('Two fruit bowls containing different fruits - one with bananas and another with round fruits (apple and citrus), demonstrating a classic still life composition',)","['still life', 'fruit bowl', 'bananas', 'apples', 'citrus', 'pencil sketch', 'cross-hatching', 'shading', 'observational drawing', 'kitchen art', 'food illustration', 'monochrome', 'domestic scene']",
2025-01-27,Someone has desegregated the fruit bowls. Threw me off a bit. #officestilllife #scribble,at://did:plc:3kqj3ksyfct7pip5j5dnmjcu/app.bsky.feed.post/3lgqwnwfues2n,A pen drawing of an overflowing fruit bowl,bafkreicr5unhvjhowwbgslkcfbxfaycndnoun5mzsifvbxuzkw7waq4pxe.jpg,"A black and white sketch of a fruit bowl containing various fruits including bananas and apples. The drawing is rendered with expressive, loose linework and hatching techniques to create depth and form. The composition shows the fruits arranged naturally in what appears to be a simple round bowl, with a subtle shadow beneath.","(['Black', 'White', 'Various shades of grey'],)","('Quick sketch/Still life drawing with an impressionistic quality, using gestural mark-making and cross-hatching techniques',)","('A traditional still life composition of a fruit bowl containing multiple pieces of fruit, depicted from a slightly elevated perspective on what appears to be a table or surface',)","['still life', 'sketch', 'fruit bowl', 'bananas', 'apples', 'cross-hatching', 'black and white', 'drawing', 'gestural', 'kitchen art', 'food illustration', 'traditional drawing', 'monochrome', 'produce', 'study']",
2025-01-27,Should be illegal to move while I #scribble,at://did:plc:3kqj3ksyfct7pip5j5dnmjcu/app.bsky.feed.post/3lgqplbek4k2n,Pen sketch of a woman lying on a couch and playing with her phone ,bafkreibv5an37ukpotsuk6ozwz5bnqy36zpv5drj36iqpjyfhgpz5xgedy.jpg,"A sketch showing a figure reclining on what appears to be a couch or daybed. The drawing captures a casual, relaxed pose with the subject propped up against some cushions or pillows. The sketch has been done with quick, confident line work and hatching to create depth and shadow.","(['Black', 'White (paper)', 'Grey (through shading)'],)","(['Observational sketch', 'Life drawing', 'Gestural drawing', 'Quick study', 'Linear sketch'],)","('A casual scene depicting a person at rest on a couch, captured in a spontaneous, observational style. The composition is informal and naturalistic, suggesting this was drawn from life.',)","['sketch', 'figure drawing', 'relaxed pose', 'casual scene', 'gestural', 'cross-hatching', 'life drawing', 'reclining figure', 'couch', 'informal portrait', 'observational art', 'black and white', 'quick study']",
2025-01-28,Searching #scribble,at://did:plc:3kqj3ksyfct7pip5j5dnmjcu/app.bsky.feed.post/3lgs5ywu5jc2b,A pen drawing of a woman sitting on the couch and using a tablet,bafkreicvajiu2xpie757fg73ryly6pscw5fydnmvjvo3f7mydth5v23xo4.jpg,"A quick sketch of someone sitting and looking down at what appears to be a tablet or electronic device. The drawing captures a casual, contemplative moment with loose, gestural lines showing the figure in a relaxed posture.","(['Black', 'White/cream paper', 'Wooden table visible in background'],)","(['Gestural sketch', 'Quick observational drawing', 'Loose line work', 'Contemporary life drawing'],)","(['A sketch of someone in a casual seated position engaging with a digital device', 'Modern life observation', 'Daily moment captured in drawing'],)","['sketch', 'digital age', 'modern life', 'observational drawing', 'pen drawing', 'quick study', 'gesture drawing', 'technology', 'casual pose', 'contemporary scene', 'sketchbook art']",
2025-02-02,My model ran away #scribble,at://did:plc:3kqj3ksyfct7pip5j5dnmjcu/app.bsky.feed.post/3lh63mhvdns2y,A scribble of a woman sitting on the couch looking at her phone,bafkreibagajg422thxmsm3whnn62ljatqljenme2cftlxwtt3yzibooksa.jpg,"A quick sketch of a figure sitting casually on what appears to be a couch or sofa. The drawing captures a relaxed, informal pose with loose, expressive line work. The figure is shown from a side angle, wearing casual clothing.","(['Greyscale', 'White (paper)', 'Grey (pencil marks)', 'Light wooden tones (visible clipboard)'],)","(['Gesture drawing', 'Quick sketch', 'Life drawing', 'Observational drawing', 'Loose linear style'],)","('A casual figure study showing a person in repose on furniture, captured in a naturalistic, unposed moment. The drawing emphasizes the overall form and posture rather than detailed features.',)","['sketch', 'figure drawing', 'gesture', 'life drawing', 'pencil art', 'line drawing', 'casual pose', 'observational sketch', 'sitting figure', 'quick study', 'informal portrait', 'contemporary drawing']",
2025-02-03,Shunning the bananas today #officestilllife #scribbles,at://did:plc:3kqj3ksyfct7pip5j5dnmjcu/app.bsky.feed.post/3lhcjmcdfcs25,A pen drawing of a bowl of peaches and plums,bafkreianhrlqffrejkbypzl4ft443uchujn35bp3pyerwyvk3du3reogg4.jpg,"A black and white sketch of a bowl of fruit, likely oranges or peaches, drawn with expressive hatching and shading techniques. The round fruits are piled naturally in what appears to be a shallow bowl or plate, creating an organic still life composition.","(['Black', 'White', 'Various greyscale tones'],)","(['Sketch art', 'Still life', 'Monochromatic', 'Cross-hatching technique', 'Loose gestural drawing'],)","('A still life composition of round fruits in a shallow bowl or plate, drawn with an emphasis on form and light through tonal variation',)","['still life', 'fruit bowl', 'sketch', 'monochrome', 'hatching', 'cross-hatching', 'black and white', 'drawing', 'bowl', 'fruits', 'spherical forms', 'kitchen art', 'traditional drawing', 'pen sketch', 'study']",
2025-02-03,So much drama my pen ran out of ink #scribbles,at://did:plc:3kqj3ksyfct7pip5j5dnmjcu/app.bsky.feed.post/3lhcbtgewfk22,A woman sitting on a sofa with a phone to her ear ,bafkreig4pdhewhknafuwvdwjxrziqjh3bf7hckjsl4obs66v2kvfq7lxc4.jpg,"A pencil sketch showing a figure reclining on what appears to be a couch or sofa. The figure is depicted in a casual, relaxed pose with one hand near their face. The drawing uses loose, gestural line work to capture the form and features of the subject and their surroundings.","(['Black', 'White/Off-white paper', 'Grey tones through line density'],)","(['Quick sketch', 'Life drawing', 'Gestural drawing', 'Observational art', 'Linear drawing'],)","('A figure in repose on a piece of furniture, captured in a casual, naturalistic pose suggesting a moment of rest or contemplation. The drawing emphasizes the natural curves and lines of the human form and the furniture.',)","['sketch', 'figure drawing', 'reclining figure', 'gesture drawing', 'pen art', 'life study', 'casual pose', 'relaxation', 'contour drawing', 'crosshatching', 'informal portrait', 'contemporary drawing']",
2025-02-04,Almost at the end of the sketchbook #officestilllife #scribble,at://did:plc:3kqj3ksyfct7pip5j5dnmjcu/app.bsky.feed.post/3lhf2fqeok22k,A black pen drawing of a bowl of bananas,bafkreihfimsrznttr4cak2dh7wgmymohgm2av4nehhbu5jhn2jolhq4fwi.jpg,"A black and white sketch of sliced mushrooms on a plate, rendered with expressive line work and cross-hatching to create depth and shadow. The drawing shows several mushroom slices arranged casually on what appears to be a round plate or dish.","(['Black', 'White', 'Various grey tones through shading'],)","(['Sketch art', 'Pen and ink drawing', 'Cross-hatching technique', 'Observational drawing', 'Still life'],)","('A sectioned citrus fruit (likely an orange or grapefruit) arranged on a simple round plate, depicted from a slightly elevated angle to show the internal segments and structure of the fruit',)","['sketch', 'citrus', 'fruit', 'still life', 'cross-hatching', 'ink drawing', 'food illustration', 'black and white', 'plate', 'kitchen art', 'culinary drawing', 'botanical illustration', 'monochrome', 'pen drawing']",
2025-02-07,Book fair at the market #scribble,at://did:plc:3kqj3ksyfct7pip5j5dnmjcu/app.bsky.feed.post/3lhmizjji522n,A pen sketch on a postcard of a man setting up books on a table ,bafkreidykr2v3frrerxscpgn3jzmngtmhjm3o6bd2jbpometuuasuehxiy.jpg,"A quick sketch of someone working at what appears to be a counter or workstation. The figure is wearing glasses and a casual shirt with what looks like a messenger bag strap across their chest. The scene includes various counter spaces and equipment in the background, suggesting a workplace or service area.","(['Black', 'White', 'Grey (through shading)', 'Beige/brown (visible in background material)'],)","(['Urban sketch', 'Quick gestural drawing', 'Loose line work', 'Observational sketch', 'Minimalist'],)","('A casual workplace scene capturing a moment of someone at their station or counter, drawn in a spontaneous, observational style that suggests it was sketched from life',)","['urban sketch', 'workplace', 'counter', 'worker', 'service desk', 'line drawing', 'gestural', 'observational', 'quick sketch', 'interior scene', 'workplace study', 'black and white', 'pen drawing']",
2025-02-11,My friend asked me for a #scribble of some trams. Here's a practice. The problem with trams is they only stop for a couple of seconds then you have to sit there for ages until a similar one comes round,at://did:plc:3kqj3ksyfct7pip5j5dnmjcu/app.bsky.feed.post/3lhuix672fk2z,A pen and ink drawing of a Melbourne team,bafkreiebe4cdzj5eoovpgpf25yri6a3gcbe3pz4bepvd6ibquy22ihyb2u.jpg,"A sketch of an urban transit scene showing a tram or streetcar, with trees lining the street and decorative posts. The sketch is held up against the actual scene, with a green and white tram visible in the background, creating a compelling comparison between the artwork and reality.","(['Black/grey ink', 'Off-white paper', 'Background shows green and white (real tram)'],)","(['Urban sketching', 'Quick line drawing', 'Observational drawing', 'Loose gestural style'],)","('An urban transportation scene featuring a tram/streetcar stop with trees and street furniture, drawn in a quick sketch style capturing the essence of city life',)","['urban sketch', 'tram', 'streetcar', 'public transport', 'street scene', 'urban landscape', 'trees', 'city life', 'transportation', 'architectural drawing', 'line art', 'quick sketch', 'urban documentation', 'street furniture', 'perspective drawing']",
2025-02-11,Someone nicked a banana halfway through #officestilllife #scribble,at://did:plc:3kqj3ksyfct7pip5j5dnmjcu/app.bsky.feed.post/3lhwnkh3jok2x,A pen sketch of a bowl of bananas ,bafkreiha44zujrbyr3m34rhjnksggnonx2pal3dhiiteu4zxfmfka5oswm.jpg,"A sketch of bananas in a bowl, drawn with expressive line work and cross-hatching for shading. The drawing shows several curved bananas arranged in a rounded bowl or dish, with shadows created through hatching techniques.","(['Black', 'Grey', 'White (paper)'],)","(['Observational sketch', 'Still life', 'Quick sketch', 'Loose drawing style', 'Naturalistic illustration'],)","('A segmented citrus fruit (likely an orange or mandarin) sitting in a small dish or plate, with the segments arranged in a fan-like pattern showing the natural division of the fruit',)","['fruit', 'citrus', 'orange', 'sketch', 'still life', 'food illustration', 'pencil drawing', 'monochrome', 'cross-hatching', 'kitchen art', 'food sketch', 'fruit study', 'plate', 'dish', 'segments']",
2025-02-15,Have recently gotten addicted to dragon fruit. #homeofficestilllife #scribble,at://did:plc:3kqj3ksyfct7pip5j5dnmjcu/app.bsky.feed.post/3li7enii5a22d,"A pen sketch of a coffee table with a tablet, a bowl of fruit, two mugs and a headphones case on it. The bowl of fruit includes a dragonfruit ",bafkreibjxvcws5wsfi6yug2z4gtdzupoivdddmz6rln5ory6vmbunpdvzq.jpg,"A pencil sketch still life drawing showing a desk or table setup with various objects: a bowl containing what appears to be fruit (possibly apples), two cylindrical containers or cups in the background, what looks like a rectangular electronic device or book on the left, and what might be a computer mouse on the right. The drawing uses hatching and cross-hatching techniques for shading and shows good attention to perspective and form.","(['Grayscale', 'White (paper)', 'Various shades of gray', 'Black (pencil marks)'],)","(['Observational drawing', 'Sketch art', 'Contemporary still life', 'Loose realistic style'],)","('A modern still life composition featuring everyday objects including technology items and fruit, drawn from direct observation with an emphasis on form and shadow',)","['still life', 'sketch', 'fruit bowl', 'desktop', 'technology', 'pencil drawing', 'cross-hatching', 'modern still life', 'observational drawing', 'grayscale', 'everyday objects', 'desk scene', 'sketchbook', 'study']",
2025-02-16,At the library #postcard #scribble,at://did:plc:3kqj3ksyfct7pip5j5dnmjcu/app.bsky.feed.post/3lib45mqo5c2k, Pen sketch of a man reading a magazine in front of a library shelf,bafkreiei77op7j722bmmog2seyui6pr43avosu6yvzbmlwudbnbbptxw6u.jpg,"A sketched illustration showing a person reading in a library or study, seated comfortably with bookshelves in the background. The sketch captures a quiet, contemplative moment with quick, gestural linework depicting the figure wearing glasses and what appears to be casual attire.","(['Black', 'White', 'Grey (through line density)'],)","(['Quick sketch', 'Line drawing', 'Observational drawing', 'Urban sketching', 'Gestural'],)","('A figure reading in a library setting, drawn in a casual observational style that captures both the environment and the relaxed pose of the reader against a backdrop of filled bookshelves',)","['library', 'reading', 'books', 'sketch', 'pen drawing', 'bookshelves', 'study', 'literature', 'contemplation', 'line art', 'casual drawing', 'observer sketch', 'indoor scene', 'academic']",
2025-02-17,Nice morning for scribbling Flinders #scribble,at://did:plc:3kqj3ksyfct7pip5j5dnmjcu/app.bsky.feed.post/3lifnon27y22k,A pen sketch of the facade of flinders station,bafkreia6eotf2r2muln2bhbvyvlkgjfggp6dc6wxiovfzj2r4hdyb2s2ke.jpg,"A pen sketch of Flinders Street Station in Melbourne, featuring its iconic Edwardian baroque architecture with distinctive domed roof and arched entrance. The drawing shows the building's grand facade with pedestrians and bollards in the foreground. The sketch captures the architectural details including the central dome, smaller domes, and ornate windows.","(['Black', 'White', 'Grey (through hatching/shading)'],)","(['Urban sketching', 'Architectural illustration', 'Line drawing', 'Quick sketch', 'Pen and ink'],)","('Flinders Street Railway Station, a famous landmark building in Melbourne, Australia, drawn from street level perspective showing its main entrance and architectural features',)","['Melbourne', 'Flinders Street Station', 'Architecture', 'Heritage building', 'Urban sketch', 'Railway station', 'Victorian architecture', 'Street scene', 'Historical building', 'Australian landmark', 'Travel sketch', 'Urban art', 'Building facade', 'Architectural drawing', 'City sketch']",
2025-02-19,Just beat the rush. #scribble,at://did:plc:3kqj3ksyfct7pip5j5dnmjcu/app.bsky.feed.post/3likncxb4bk2s,A pen drawing of a tram approaching a tram stop,bafkreibtlejecofwqirvedc2v74mdt2xjwkzkgrayfjbomfef46l7z2bia.jpg,"A pen sketch of Flinders Station transit stop showing a tram and waiting passengers. The urban scene includes street lamps, a transit sign, and architectural elements in the background. The drawing captures the perspective of the platform with detailed hatching and line work.","(['Black', 'White', 'Grey (through hatching)'],)","('Urban sketching/Architectural illustration with a loose, spontaneous line drawing technique utilizing hatching and cross-hatching for shading',)","('An urban transit scene at Flinders Street Station, Melbourne, capturing the everyday atmosphere of public transportation infrastructure and city life',)","['Urban sketch', 'Melbourne', 'Flinders Station', 'Tram', 'Public transport', 'Street scene', 'Architecture', 'Line drawing', 'City life', 'Transit stop', 'Street lights', 'Urban infrastructure', 'Australian cityscape', 'Commuter', 'Platform']",
2025-02-21,The Union Jack is bloody annoying to draw #postcard #scribble,at://did:plc:3kqj3ksyfct7pip5j5dnmjcu/app.bsky.feed.post/3lips6lbeqs2m,A pen scribble of the entrance to the port of Echuca ,bafkreia23prbu62q2zpof7b7icwut2nj56hd3guoc6lbq7ekwxwfnc2yry.jpg,"A sketch of a port entrance featuring two flagpoles flying the American and British flags, with a welcome sign reading 'Welcome to the Port of Echuca' mounted between stone or concrete pillars. The drawing is done on brown kraft paper with simple, loose linework.","(['Tan/kraft paper brown', 'Black ink', 'Natural wood tones (background)'],)","('Quick architectural sketch/Urban sketching with a casual, freehand approach using simple line work and minimal detail',)","('The entrance to the Port of Echuca, a historical port location in Australia, featuring its welcome signage and national flags representing its colonial heritage',)","['Port of Echuca', 'Welcome sign', 'Historical site', 'Australian heritage', 'Architectural sketch', 'Flags', 'Maritime history', 'Colonial architecture', 'Urban sketch', 'Historical port', 'Tourism landmark', 'Line drawing', 'Heritage site']",
2025-02-22,Does every small town have a distillery now #postcard #scribble,at://did:plc:3kqj3ksyfct7pip5j5dnmjcu/app.bsky.feed.post/3liqlhsg3mc2b,Three shots of agave next to a pen sketch of a person with three shots of gin ,bafkreifxrseccug67ejdswjb22mabkwevqvu34uqs3wmjwg6y2qgvei54a.jpg,"A quick sketch on brown kraft paper depicting a server with a drink flight, placed on a wooden table alongside the actual drink flight consisting of three glasses with various beverages on a wooden serving board","(['Brown (kraft paper)', 'Black (ink drawing)', 'Amber/golden (visible drink)', 'Wooden brown (table and flight board)', 'Clear glass reflections'],)","(['Quick sketch', 'Minimalist line drawing', 'Urban sketching', 'Observational drawing', 'Loose gestural style'],)","('A simple line drawing of a server presenting a drink flight, juxtaposed with actual drinks in glasses on a wooden serving board, creating a meta composition of art imitating life',)","['drink flight', 'sketching', 'bartender', 'cocktails', 'line drawing', 'kraft paper', 'hospitality', 'bar scene', 'drinks service', 'wooden board', 'glassware', 'restaurant art', 'casual drawing', 'beverage tasting', 'mixed media']",
2025-02-25,Dunno where all the bananas went. #officestilllife #scribble,at://did:plc:3kqj3ksyfct7pip5j5dnmjcu/app.bsky.feed.post/3liztzztsek2e,A pen scribble of a bowl of nectarines ,bafkreidiulqpjtwpf4dijnmtdqhbu76avl5aifq53tjv75yt3gm4kdskna.jpg,"A sketch of a bowl filled with round fruits, likely oranges or apples, drawn with bold hatching and shading techniques. The fruits are depicted with dimensional shading and are stacked in the bowl, which appears to be sitting on a suggested surface indicated by loose sketch marks.","(['Black', 'White', 'Various shades of grey'],)","(['Sketch', 'Still life', 'Observational drawing', 'Cross-hatching technique', 'Loose gestural drawing'],)","('A bowl of round fruits (possibly oranges or other citrus fruits) arranged in a casual stack, drawn from an elevated perspective showing both the contents and the rim of the bowl',)","['still life', 'fruit bowl', 'oranges', 'citrus', 'sketch', 'drawing', 'black and white', 'hatching', 'shading', 'bowl', 'kitchen art', 'food illustration', 'pencil drawing', 'study', 'monochrome']",
2025-02-25,Got a bit lost in the detail but pretty happy otherwise. #scribble,at://did:plc:3kqj3ksyfct7pip5j5dnmjcu/app.bsky.feed.post/3lizrqrifbk2e,A pen and ink sketch of the clocktower on the old post office in Melbourne ,bafkreif4qkwp5bmg26gd7jcmkkpd2rfkrw63yjjjio6lsn5h3ctvwar3e4.jpg,"A detailed architectural sketch of a historic building with a prominent clock tower. The drawing features classical architectural elements including arched windows, columns, and detailed ornamental features. The building appears to be a Victorian or Gothic style structure, possibly a town hall or civic building. The sketch shows strong perspective and architectural detail, particularly in the clock tower which dominates the composition.","(['Black', 'White', 'Grey (through line weight variation)'],)","(['Urban sketching', 'Architectural illustration', 'Quick sketch', 'Loose line drawing', 'Freehand architectural drawing'],)","('A Victorian or Edwardian-era building, possibly a town hall, post office, or other civic building, characterized by its prominent clock tower, classical architectural elements, and arched colonnade at street level.',)","['Architecture', 'Clock tower', 'Victorian', 'Urban sketch', 'Building illustration', 'Historic building', 'Architectural drawing', 'Clock', 'Arches', 'Column', 'Heritage architecture', 'Streetscape', 'Ink drawing', 'Urban art', 'Building facade']",
2025-02-26,If I do these long enough I should be able to track fruit seasonality. #officestilllife #scribble,at://did:plc:3kqj3ksyfct7pip5j5dnmjcu/app.bsky.feed.post/3lj4ee2r4mc2j,A pen sketch of a bowl of nectarines,bafkreicw4ifcems6b5tqzv77ksrcvp7f6cidja6ajthiwqa22kk62vrhmu.jpg,"A sketch of a bowl of apples drawn in a loose, artistic style. The drawing shows multiple round apples piled in what appears to be a shallow bowl or dish, with cross-hatching and shading techniques used to create depth and form. The drawing includes shadows beneath the bowl to ground it.","(['Black', 'White', 'Various shades of grey'],)","('Quick sketch/Still life drawing in a classical realistic style with loose, expressive linework',)","('A bowl of apples - a classic still life composition showing approximately 6-7 apples arranged in what appears to be a shallow bowl or dish, with attention paid to form, light, and shadow',)","['still life', 'sketch', 'apples', 'fruit', 'bowl', 'drawing', 'pencil art', 'black and white', 'cross-hatching', 'shading', 'classical', 'study', 'traditional art', 'monochrome']",
2025-03-09,"Outside drawing adventures were cut short by rain this morning, so did a quick #officestilllife in watercolour. #scribble",at://did:plc:3kqj3ksyfct7pip5j5dnmjcu/app.bsky.feed.post/3ljxzcphx6k2a,A watercolour postcard with two bowls of fruit,bafkreicmocizke57lx7km6s3jgq22bzyuwsnaplbqrsa5crgdykctmxeza.jpg,"A watercolor sketch of two bowls containing fruit. The left bowl contains what appears to be oranges or citrus fruits with yellow peels, while the right bowl contains various fruits in shades of red and purple, possibly plums or apples.","(['Yellow', 'Orange', 'Red', 'Purple', 'Blue-grey', 'White'],)","(['Loose watercolor sketch', 'Quick study', 'Line and wash', 'Impressionistic'],)","('Still life of fruit bowls, showing two ceramic or porcelain bowls containing various fruits, rendered in a simple but expressive manner',)","['watercolor', 'sketch', 'still life', 'fruits', 'bowls', 'bananas', 'oranges', 'kitchen art', 'food illustration', 'quick sketch', 'loose style', 'minimalist', 'study']",
2025-03-15,Bloody hot today and it isn't even 35 yet. #f1 #scribble,at://did:plc:3kqj3ksyfct7pip5j5dnmjcu/app.bsky.feed.post/3lketv75nbc2t,A pen sketch of people sitting in camping chairs ,bafkreibyjhbznaxx4lnyld6nskzxaqwnj5nuk56acwwgmlajkai5elnfoe.jpg,"A sketchbook page containing two quick gesture drawings. The top sketch shows four people sitting in camping/folding chairs in a row. The bottom sketch depicts two people sitting, with one holding an umbrella. Both sketches are done in a loose, expressive line drawing style.","(['Black', 'White paper', 'Hints of gray through line density'],)","(['Quick gesture drawing', 'Urban sketching', 'Observational drawing', 'Line art', 'Minimalist sketching'],)","('People at leisure, possibly at an outdoor event or gathering, shown in two informal sketches capturing everyday moments. The sketches emphasize the casual, relaxed nature of the scene through simple line work.',)","['sketch', 'ink drawing', 'outdoor scene', 'chairs', 'umbrella', 'people watching', 'gestural drawing', 'line art', 'outdoor leisure', 'urban sketching', 'observational art', 'quick drawing', 'casual scene', 'group sketch']",
2025-03-15,Sprint race was so fast I couldn't #scribble any of the cars,at://did:plc:3kqj3ksyfct7pip5j5dnmjcu/app.bsky.feed.post/3lkewvbtiu22t,A pen sketch of the side of the formula 1 circuit ,bafkreihz2wcjo5uommgz2swurmj4jsiekua4ts4uhsrimweg4bqyupgiya.jpg,"A quick sketch depicting an American Express storefront or signage with a palm tree in the center. The drawing shows architectural elements like pillars or columns on either side, with small stick figures lined up along what appears to be a walkway or platform. The sketch has a loose, urban sketching style with horizontal lines suggesting a wall or background texture.","(['Black', 'White', 'Grey (through line density)'],)","(['Urban sketch', 'Quick sketch', 'Linear drawing', 'Architectural illustration', 'Minimalist'],)","('A street scene or boardwalk location featuring American Express branding, characterized by architectural elements and a tropical setting with a palm tree',)","['urban sketch', 'palm tree', 'architecture', 'boardwalk', 'American Express', 'street scene', 'pillars', 'people', 'linear drawing', 'black and white', 'minimalist', 'outdoor scene', 'commercial space', 'quick sketch', 'architectural drawing']",
2025-03-24,This place is alright? If you're into that sort of thing #scribble,at://did:plc:3kqj3ksyfct7pip5j5dnmjcu/app.bsky.feed.post/3ll47rctsv22j,A watercolour postcard of the sydney opera house ,bafkreicdxqaeouggybbwkcaby5dvituaq7ys5linpqphznvzbe75b2qzze.jpg,"A sketch of the Sydney Opera House being held up against the actual Sydney Opera House view through decorative iron railings. The sketch is done in a loose, minimalist watercolor style showing the iconic sail-like structures of the building with water in the foreground.","(['Yellow ochre', 'Light brown', 'Pale blue', 'White (paper)', 'Grey'],)","('Urban sketching / Quick watercolor sketch / Architectural illustration',)","(""The Sydney Opera House captured in a plein air setting, with the actual building visible in the background through decorative iron railings. The sketch emphasizes the building's distinctive architectural features in a simplified form"",)","['Sydney Opera House', 'Urban sketching', 'Watercolor', 'Architecture', 'Australia', 'Plein air', 'Travel art', 'Landmark', 'Quick sketch', 'Harbor view', 'Cultural building', 'Iron fence', 'Maritime', 'Tourist spot']",
2025-03-26,Can't remember if these are chrysanthemums. #scribble,at://did:plc:3kqj3ksyfct7pip5j5dnmjcu/app.bsky.feed.post/3llcvm7urp22u,A watercolour painting of a bunch of unidentified flowers (maybe chrysanthemums) sitting in a vase on a window sill,bafkreifc3r5x6fjmhgz3mrgobdaqrc5odzs6uvun3y56pz52d4ygej7dkm.jpg,"A delicate watercolor sketch of yellow and orange flowers in a clear glass vase, set against a soft blue-grey background. The piece is held in what appears to be a sketchbook with binder clips visible at the top and bottom.","(['Yellow ochre', 'Orange-red', 'Sage green', 'Cool grey-blue', 'Purple-grey', 'White'],)","('Loose watercolor sketch, impressionistic, plein air style with quick, gestural brushstrokes and atmospheric background',)","('A simple floral still life featuring what appears to be daffodils or similar spring flowers in a transparent glass vase against a cloudy or atmospheric background',)","['watercolor', 'sketch', 'flowers', 'still life', 'botanical', 'spring', 'vase', 'atmospheric', 'loose style', 'sketchbook', 'yellow flowers', 'nature study', 'impressionistic']",
2025-03-28,No sun today :( #scribble,at://did:plc:3kqj3ksyfct7pip5j5dnmjcu/app.bsky.feed.post/3llhrwf4jyk2u,"A pen drawing of a woman staring into space, holding a cup while sitting on a couch ",bafkreih6bii6kwjaqzl3un3e6kub2keh3vqfv7f24tkwte23wgo4ngsuyq.jpg,"A sketch showing a person relaxing on what appears to be a couch or chair, holding a mug. The figure is drawn in a casual pose wearing a v-neck top, with cross-hatching techniques used for shading. The composition is intimate and domestic in nature.","(['Black', 'White', 'Grey (through hatching/shading)'],)","('Quick observational sketch, gestural drawing with loose hatching technique, contemporary life drawing',)","('A casual domestic scene showing a person in repose, holding a drink, suggesting a moment of relaxation or contemplation in an everyday setting',)","['sketch', 'pen drawing', 'figure study', 'lifestyle', 'domestic scene', 'hatching', 'casual pose', 'mug', 'relaxation', 'everyday life', 'observational drawing', 'contemporary sketch', 'informal portrait']",
2025-04-01,...and a chair as well #homeofficestilllife  #scribble,at://did:plc:3kqj3ksyfct7pip5j5dnmjcu/app.bsky.feed.post/3llrrfzttas2n,A pen sketch of a simple wooden chair ,bafkreiboonfy427hsfwa7qnfuv6jmgzglcynjkjjmu7ebx3hqm34ifsasa.jpg,"A simple sketch of a chair drawn from a slight side angle, showing the backrest, seat, and legs with basic cross-support structure. The drawing demonstrates perspective and shading through crosshatching techniques.","(['Black', 'White', 'Grey (through shading)', 'Warm beige (visible wooden background)'],)","(['Observational sketch', 'Freehand drawing', 'Line drawing', 'Quick study', 'Architectural sketch style'],)","('A single wooden chair drawn from a slight side angle, showing both the seat and backrest with basic structural details and cast shadow',)","['furniture sketch', 'chair drawing', 'line art', 'perspective drawing', 'interior sketch', 'furniture study', 'architectural drawing', 'household object', 'sketchbook', 'monochrome', 'cross-hatching', 'observational drawing']",
2025-04-05,Lazy Sunday #scribble,at://did:plc:3kqj3ksyfct7pip5j5dnmjcu/app.bsky.feed.post/3lm44aj25m22u,A pen sketch of a woman sitting on a couch and knitting ,bafkreidl6upcj6jrcaa3fs7nmigq7di6qibbssarfuwhfflnlhlz23t27m.jpg,"A quick sketch showing a figure seated on what appears to be a couch or chair, wearing glasses and casual clothing. The drawing has a loose, spontaneous quality with rapid pen strokes capturing the relaxed pose. Some basic environmental details are suggested at the bottom of the composition.","(['Black', 'White paper', 'Grey (through line density)'],)","(['Gestural sketch', 'Life drawing', 'Quick observational drawing', 'Loose line work', 'Minimalist', 'Spontaneous'],)","(['Figure sitting in relaxed pose', 'Interior scene', 'Casual domestic moment', 'Observational drawing from life'],)","['sketch', 'figure drawing', 'pen and ink', 'gestural', 'lifestyle', 'casual', 'interior', 'relaxed', 'observational', 'minimal', 'spontaneous', 'line drawing']",
2025-04-06,Quick coffee #scribble,at://did:plc:3kqj3ksyfct7pip5j5dnmjcu/app.bsky.feed.post/3lm6inic2uc2h,A pen sketch of the inside of a coffee shop,bafkreigajuqrsuhizl2o7zjnqqxgiaewiy7pz7ozpcxxhcgg4tvdfcn3gi.jpg,"A quick sketch of what appears to be a café or restaurant interior. The drawing shows hanging pendant lights, tables and chairs, a bar or counter area, and various bottles or containers in the foreground. There's a textured wall or panel in the background, and some architectural elements are suggested through simple line work.","(['Black', 'White', 'Grayscale through hatching and line work'],)","(['Quick sketch', 'Urban sketching', 'Architectural illustration', 'Line drawing', 'Freehand drawing'],)","('Interior scene of a modern café or restaurant space, capturing the ambiance through architectural elements and furnishings',)","['café', 'restaurant', 'interior sketch', 'pendant lights', 'bar stools', 'bottles', 'counter', 'architectural drawing', 'urban sketch', 'interior design', 'furniture', 'hospitality space', 'line art', 'freehand drawing']",
2025-04-07,Cookie shop #scribble,at://did:plc:3kqj3ksyfct7pip5j5dnmjcu/app.bsky.feed.post/3lmayizbzds23,A pen sketch of two people sitting at a table in front of a counter ,bafkreic234z5jouw2tfttxd74ewzwjttlgz6wi6dzhrxttynxlzxpfigxm.jpg,"A quick sketch showing people in what appears to be a casual dining setting. Two individuals are seated at a table with drinks, engaged in conversation, while a third person can be seen in the background behind what looks like a counter. The scene captures a casual moment in what might be a cafe or restaurant setting.","(['Black', 'White/cream paper', 'Grayscale tones through line density'],)","(['Urban sketching', 'Observational drawing', 'Quick gestural sketch', 'Line drawing', 'Reportage illustration'],)","('A casual dining scene capturing everyday life in what appears to be a cafe or restaurant setting, with customers at a table and staff behind a counter',)","['urban sketch', 'cafe scene', 'restaurant interior', 'people watching', 'line drawing', 'daily life', 'casual dining', 'social scene', 'observational art', 'black and white', 'quick sketch', 'counter service', 'dining table']",
2025-04-14,Quick one today #officestilllife #scribble,at://did:plc:3kqj3ksyfct7pip5j5dnmjcu/app.bsky.feed.post/3lmsnybdx7k2w,A pen sketch of a bowl of fruit ,bafkreia7ubg37z7wdu43yyyqrgduzyzszvlp6bnczz3ezmonhx6pnedase.jpg,"A quick sketch of a bowl of fruit, featuring what appears to be bananas, apples or oranges rendered in a loose, gestural drawing style. The drawing shows cross-hatching techniques and confident line work to create form and shadow.","(['Black', 'White (paper)', 'Grey (through hatching techniques)'],)","(['Sketch', 'Gestural drawing', 'Quick study', 'Line drawing', 'Observational drawing'],)","('A still life composition of fruit in a bowl, featuring bananas and what appear to be round fruits like apples or oranges, arranged in a simple bowl or dish',)","['still life', 'fruit bowl', 'sketch', 'pen drawing', 'bananas', 'cross-hatching', 'quick sketch', 'line art', 'monochrome', 'kitchen art', 'food illustration', 'drawing study']",
2025-04-16,Best thing when you #scribble clock towers is you can see exactly how long it took,at://did:plc:3kqj3ksyfct7pip5j5dnmjcu/app.bsky.feed.post/3lmxiqs5suk2n,A watercolour postcard sketch of a clock tower ,bafkreihgtw3ucii5m4upwhgdez5roog223jksdmpyeto5oj275qvxk3c2i.jpg,"A hand holds up a quick architectural sketch of a church tower against the actual church building in the background. The sketch is held with a black binder clip and captures the Victorian-style clock tower in loose, expressive linework with subtle watercolor washes. The real building appears lit by warm sunlight in the background.","(['Grey', 'Beige', 'Pale blue (sky)', 'Olive green (foliage hints)', 'White (paper)', 'Black (ink lines)'],)","(['Urban sketching', 'Architectural illustration', 'Line and wash technique', 'Quick sketch', 'Plein air'],)","('A Victorian or colonial style clock tower/spire of what appears to be a civic building or church, sketched on location with the actual building visible in the background, demonstrating the relationship between the drawing and its subject',)","['urban sketching', 'architecture', 'clock tower', 'church', 'plein air', 'watercolor', 'ink drawing', 'building sketch', 'historical architecture', 'architectural detail', 'spire', 'on-location drawing', 'travel sketch', 'Victorian architecture']",
2025-04-20,Global book crawl starts today #scribble,at://did:plc:3kqj3ksyfct7pip5j5dnmjcu/app.bsky.feed.post/3lnbkdvljvc2d,,bafkreidkzwp5z5em7ewoshhanv6ygizghpwthkfdh3jm4od76liw2ymm7i.jpg,"A watercolor sketch of 'Books for Cooks' storefront is held up against the actual storefront, showing a charming architectural study with string lights overhead. The sketch captures the Victorian-style archways and brick details of the building, while the actual storefront can be seen in the background with its distinctive green trim and warm lighting.","(['Forest green', 'Terracotta orange/brick red', 'Grey-blue', 'White', 'Warm yellow (lighting)'],)","('Urban sketching/architectural illustration with watercolor wash',)","('Books for Cooks bookstore exterior, capturing the Victorian architectural elements and ambient lighting of a historic storefront',)","['urban sketch', 'watercolor', 'architecture', 'bookstore', 'Victorian building', 'storefront', 'Books for Cooks', 'brick building', 'string lights', 'arches', 'plein air', 'architectural illustration', 'Melbourne', 'retail sketch', 'heritage building']",
2025-04-22,Tried something new at #lifedrawing last night - using markers for tone. #scribble,at://did:plc:3kqj3ksyfct7pip5j5dnmjcu/app.bsky.feed.post/3lnglfvyt5s2v,A pen sketch of a life model,bafkreibqz3qf75acrar5errmqc2j3xa5e2aavqqedlqgiegcbwzhvzkmcy.jpg,"A simple sketch showing a figure sitting on what appears to be a mat or blanket, viewed from behind. Some objects, possibly books or boxes, are placed beside them. The drawing has a loose, gestural quality with informal hatching and shading.","(['Black', 'Grey', 'White paper', 'Various grey tones through shading'],)","(['Quick sketch', 'Gestural drawing', 'Life drawing', 'Minimalist', 'Loose illustrative style'],)","('A solitary figure shown from behind, sitting on a mat with some objects (possibly books or boxes) beside them. The pose suggests a moment of quiet reflection or study.',)","['sketch', 'figure drawing', 'back view', 'contemplative', 'solitary', 'monochromatic', 'ink drawing', 'gestural', 'study', 'minimal', 'seated figure', 'sketchbook art']",
2025-04-22,Tried something new at #lifedrawing last night - using markers for tone. #scribble,at://did:plc:3kqj3ksyfct7pip5j5dnmjcu/app.bsky.feed.post/3lnglfvyt5s2v,A pen sketch of a life model,bafkreicl2imkfbef5lpbrhom7ii2wtns6xbvlpftfgfhdqiezpih5kdgly.jpg,"A figure study sketch showing a nude figure seated on what appears to be books or blocks, drawn in a loose, gestural style. The figure is positioned in a relaxed pose with one leg extended. The drawing appears to be in a spiral-bound sketchbook on a light wooden surface.","(['Black ink', 'Grey tones', 'Off-white paper', 'Light wood background'],)","(['Life drawing', 'Gestural sketch', 'Loose expressive line work', 'Quick study', 'Contemporary figure drawing'],)","(['Figure study', 'Nude artistic model', 'Anatomical study', 'Life drawing pose', 'Seated figure'],)","['figure drawing', 'nude study', 'ink sketch', 'gestural', 'life drawing', 'anatomical sketch', 'artist sketchbook', 'figure study', 'contemporary art', 'quick pose', 'expressive drawing']",
2025-04-22,Tried something new at #lifedrawing last night - using markers for tone. #scribble,at://did:plc:3kqj3ksyfct7pip5j5dnmjcu/app.bsky.feed.post/3lnglfvyt5s2v,A pen sketch of a life model,bafkreib64zsamf3z2s23bmrigo457riaqgpzj7zvihwbwjl5yvftljo6zq.jpg,"A quick sketch of a figure sitting in a chair, viewed from behind, with other figures standing in the background. The scene appears to be in some kind of room or gathering space, with the central figure prominently placed on what seems to be a platform or defined area.","(['Grey paper', 'Black ink', 'White (paper showing through)', 'Various grey tones through shading'],)","(['Quick sketch', 'Gestural drawing', 'Urban sketching', 'Observational drawing', 'Loose line work'],)","('A scene depicting what appears to be a performance space or presentation setup, with a central figure seated in a chair facing away from the viewer, and several audience members or participants in the background',)","['sketch', 'performance', 'audience', 'chair', 'stage', 'ink drawing', 'monochrome', 'live drawing', 'observational', 'perspective', 'interior scene', 'meeting', 'presentation']",
2025-04-22,Tried something new at #lifedrawing last night - using markers for tone. #scribble,at://did:plc:3kqj3ksyfct7pip5j5dnmjcu/app.bsky.feed.post/3lnglfvyt5s2v,A pen sketch of a life model,bafkreiguhe3o4mo4t3zc57kmsn7hqfaykc3zpc3gof74mxrmhqnrlpc4au.jpg,"A quick sketch of a person sitting at a desk or table, drawn in a minimalist style. The figure is wearing glasses and appears to be in a contemplative pose with their hand near their face. There are papers or documents scattered on the surface below. The drawing is done on what appears to be a spiral-bound sketchbook with a light-colored paper.","(['Black', 'Gray', 'Off-white/beige (paper color)', 'White (negative space)'],)","(['Gestural sketch', 'Quick study', 'Line drawing', 'Minimalist', 'Observational drawing'],)","('A figure in a contemplative pose sitting at a desk or table, with what appears to be papers or documents on the floor. The scene suggests someone studying, working, or perhaps in thought.',)","['sketch', 'study', 'figure drawing', 'contemplation', 'desk', 'documents', 'student', 'worker', 'pen drawing', 'gestural', 'minimal', 'monochromatic', 'seated figure', 'workspace']",
2025-04-27,Morning #postcard #scribble #1. Coffee on the river,at://did:plc:3kqj3ksyfct7pip5j5dnmjcu/app.bsky.feed.post/3lntbylct2s27,A postcard watercolour scribble of a coffee shop in a shipping container ,bafkreienav57dzge35lh27gghnpa5nlnqdzewhyvhbntbutl6yxa2jnriq.jpg,"A watercolor sketch of 'Code Black' coffee shop showing the storefront with large windows, outdoor seating area with stools, and customers both inside and outside. The sketch is held up against what appears to be the actual location in the background, creating a real-versus-sketch comparison.","(['Olive green', 'Gray', 'Navy blue', 'Beige', 'White', 'Black'],)","('Urban sketching/watercolor illustration with loose, quick line work and watercolor wash technique',)","('A street-side view of Code Black coffee shop, capturing the urban cafe culture with its window display, outdoor seating area, and architectural elements',)","['urban sketch', 'cafe illustration', 'watercolor', 'coffee shop', 'street scene', 'architecture drawing', 'Melbourne', 'Code Black', 'plein air', 'outdoor seating', 'storefront', 'city sketch']",
2025-04-28,Coffee shop postcard 2: Maker Lt Bourke #scribble,at://did:plc:3kqj3ksyfct7pip5j5dnmjcu/app.bsky.feed.post/3lnvqmd6bb22e,A watercolour postcard of people sitting outside the Maker cafe ,bafkreiczvpd7jhejsge5vgt3jpaf6z4l77oyo3gktup463phtvgijgvxzm.jpg,"A watercolor sketch of a casual scene outside a maker space or workshop. Three figures are shown in loose, gestural strokes - two seated on wooden benches and one standing. Above them is a sign reading 'MAKER'. The scene has a relaxed, informal atmosphere with wooden decking or benches visible.","(['Purple/lavender (background)', 'Yellow (wall accent)', 'Grey/blue (clothing)', 'Brown (wooden benches)', 'Black (line work)', 'White (paper)'],)","(['Urban sketch', 'Loose watercolor', 'Architectural illustration', 'Quick gestural drawing', 'Mixed media (pen and watercolor)'],)","('A casual scene outside a maker space or workshop, capturing people in conversation or waiting, with architectural elements including benches and signage',)","['urban sketch', 'maker space', 'architectural drawing', 'watercolor', 'street scene', 'casual gathering', 'bench', 'signage', 'people', 'conversation', 'workshop', 'loose style', 'urban life']",
2025-04-29,Morning #postcard 3: Seven Seeds Coffee Roasters. #scribble,at://did:plc:3kqj3ksyfct7pip5j5dnmjcu/app.bsky.feed.post/3lnyc3he3bc2f,A watercolour postcard sketch of the inside of a coffee shop full of browns and blues ,bafkreid73zhsfql5vyowutndcif4xmtohyw7lpggad7onvhuyo6olhbzha.jpg,"A watercolor sketch of a cafe or coffee shop interior showing a takeaway counter with blue panels, wooden tables and chairs in the foreground, and a 'Take Away' sign visible on the wall. A figure wearing blue clothing with a yellow bag is standing at the counter, and cups and beverages are placed on the tables.","(['Blue (predominant in counter)', 'Brown (furniture and details)', 'Beige/Tan (background)', 'Grey (sketched lines)', 'White (highlights and paper showing through)'],)","('Urban sketching/Quick watercolor sketch with loose, gestural pen work and watercolor wash technique',)","('Interior of a cafe or coffee shop, focusing on the service counter area and dining space, captured in a casual, observational style',)","['cafe', 'coffee shop', 'urban sketch', 'watercolor', 'interior scene', 'takeaway counter', 'dining area', 'architectural sketch', 'restaurant interior', 'casual dining', 'quick sketch', 'observational drawing']",
2025-04-30,Morning #postcard 4: Patricia Coffee Brewers. Had to stand up while scribbling this one. #scribble,at://did:plc:3kqj3ksyfct7pip5j5dnmjcu/app.bsky.feed.post/3lo2r76kzcc2a,A watercolour postcard of the inside of a coffee shop,bafkreid7tiarnbkoc3ydwoouys55hae5irpttrax7mszhgjddfadrlkhdu.jpg,"A hand holds a small watercolor sketch of a cafe or restaurant scene, featuring workers behind a counter wearing aprons. The sketch is held up against the actual cafe setting it depicts, with storage boxes visible on shelves in the background and a blurred customer sitting at what appears to be a counter.","(['Grey', 'Brown', 'Beige', 'White', 'Light blue', 'Warm yellow (background lighting)'],)","(['Urban sketching', 'On-location drawing', 'Loose watercolor', 'Quick sketch', 'Observational art'],)","('A cafe/restaurant interior scene focusing on the service counter and staff working behind it, captured in a quick watercolor sketch style with minimal detail but effective capturing of the atmosphere',)","['urban sketch', 'cafe scene', 'watercolor', 'restaurant interior', 'service counter', 'barista sketch', 'on-location art', 'quick drawing', 'hospitality scene', 'workplace illustration', 'documentary sketch', 'live drawing']",
2025-05-01,Morning #postcard 5: Crafty Cup at Melbourne Airport. Lots of construction so had to draw it from my gate #scribble,at://did:plc:3kqj3ksyfct7pip5j5dnmjcu/app.bsky.feed.post/3lo5cwt3hhs2r,A watercolour postcard of a cafe in the airport ,bafkreiahgmv5awj7ln5eaxpc5yec3hndyadid23wgie5ply42ijl7t2kou.jpg,"A watercolor sketch of what appears to be a cafe or restaurant interior. The scene shows figures standing near what looks like a counter or service area, with shelving displaying items in the background. A waste bin is prominently featured in the foreground, and there are additional figures seated at what appears to be tables in the distance. The sketch has a loose, quick execution style with minimal detail.","(['Grey', 'Light blue', 'Beige', 'White', 'Pale yellow', 'Black (for line work)'],)","(['Urban sketching', 'Quick observational drawing', 'Loose watercolor', 'Line and wash technique', 'Minimalist'],)","('An interior scene of what appears to be a public space like a cafe or restaurant, captured in a quick, observational style with particular attention to spatial relationships and architectural elements',)","['urban sketch', 'interior scene', 'architectural drawing', 'watercolor sketch', 'cafe scene', 'public space', 'waste bin', 'counter service', 'quick sketch', 'perspective drawing', 'daily life', 'observational art']",
2025-05-02,Morning #postcard 6: Single O in Surry Hills. Not sure I like the colours in this one but I was running out of water in my brush. #scribble,at://did:plc:3kqj3ksyfct7pip5j5dnmjcu/app.bsky.feed.post/3lo7wnlggdc2i,A watercolour postcard of a group sitting inside a coffee shop having coffee,bafkreigt4pi45mgmw27wbqj4jurdztpr2kuctrya7imxseu5yoc3wmzcka.jpg,"A small, handheld watercolor and ink sketch showing three people sitting at what appears to be a bar or pub setting. The sketch is held by someone's hand and secured with a black binder clip. The artwork has a loose, quick sketch quality with a grey border and atmospheric details of glasses or bottles on shelves in the background.","(['Grey', 'Purple', 'Brown', 'Black', 'Flesh tones', 'Blue-grey'],)","(['Urban sketch', 'Quick gesture drawing', 'Loose watercolor', 'Contemporary illustration', 'Observational sketch'],)","('A casual social scene in what appears to be a pub or bar, with people seated together in conversation, suggesting a moment of everyday life and social interaction',)","['Urban sketch', 'Pub scene', 'Watercolor', 'Social gathering', 'Quick sketch', 'Bar interior', 'People', 'Social scene', 'Contemporary art', 'Loose style', 'Observation drawing', 'Grey toned paper']",
2025-05-03,Sydney is pretty lovely today. #scribble,at://did:plc:3kqj3ksyfct7pip5j5dnmjcu/app.bsky.feed.post/3loaeqec2us22,A watercolour postcard of the centre point tower in Sydney ,bafkreiejo4lybmte3ukzglh2vou6t5mcqcsdzztb4z33dt7dmg577sbpam.jpg,"A watercolor sketch of the Seattle Space Needle being held up against the actual Space Needle visible in the background. The sketch shows the iconic tower with surrounding foliage and buildings, rendered in loose, gestural strokes. The sketch is clipped to a paper with a binder clip and held by a hand against a blue sky.","(['Blue (sky)', 'Grey (tower structure)', 'Olive green (foliage)', 'Beige/tan (buildings)', 'White (paper)', 'Black (ink lines)'],)","(['Urban sketching', 'Plein air', 'Quick watercolor sketch', 'Architectural illustration', 'Location drawing'],)","(""The Seattle Space Needle observation tower, captured both in a watercolor sketch and visible in reality behind the artwork, demonstrating a direct comparison between the artist's interpretation and the actual landmark"",)","['Space Needle', 'Seattle', 'Urban sketch', 'Watercolor', 'Architecture', 'Landmark', 'Tourist attraction', 'Plein air art', 'City sketch', 'Travel art', 'Urban landscape', 'Quick sketch', 'Location drawing']",
2025-05-05,Morning #postcard 7: Tea Cosy at the rocks. The scones are still great here. #scribble,at://did:plc:3kqj3ksyfct7pip5j5dnmjcu/app.bsky.feed.post/3lofa2xtkhk22,A watercolour postcard of a tea and scone on a table ,bafkreiamgekie2fpvpehuynwfaic3ck5jbvnubebls37gmivgnrcew2mdu.jpg,"A quick watercolor sketch capturing a casual café scene, showing people gathered around a table with tea cups, teapot, and what appears to be a dessert plate. The sketch is held by a hand with a binder clip, and patio umbrellas can be seen in the background.","(['Blue (navy and light)', 'Pink/Rose', 'Brown/Sepia', 'Yellow/Ochre', 'Grey', 'White (paper)', 'Olive green'],)","(['Urban sketching', 'Quick gestural watercolor', 'Loose impressionistic', 'En plein air', 'Travel journal style'],)","('A café scene capturing the casual atmosphere of afternoon tea, with tea service and multiple people gathered around a table, sketched in a spontaneous, observational style',)","['watercolor sketch', 'café scene', 'tea time', 'urban sketching', 'plein air', 'afternoon tea', 'quick sketch', 'loose style', 'people gathering', 'teacups', 'casual dining', 'travel journal', 'observational drawing']",
2025-05-07,Morning #postcard 8: Fieldwork on Degraves St. Bloody cold today. #scribble,at://did:plc:3kqj3ksyfct7pip5j5dnmjcu/app.bsky.feed.post/3lomewyqfds2e,A watercolour postcard of someone standing in the door of a coffee shop,bafkreidt4dywgkpgutce3ej2clieqwa6bn3iq7an7ez6qh5lfvf7ji4vee.jpg,"A small urban sketch showing a figure standing at what appears to be a storefront or entrance. The scene includes a sandwich board sign on the sidewalk and a decorative post. The artwork is held by someone's hand with a binder clip at the top, with an out-of-focus street scene visible in the background.","(['Beige', 'Brown', 'Grey', 'Muted purple', 'Red (small accent)', 'Neutral earth tones'],)","('Urban sketching/Quick architectural illustration with loose watercolor wash and ink linework',)","('A slice-of-life scene capturing a quiet moment at a storefront entrance, showing interior and exterior architectural elements in a casual, observational style',)","['Urban sketch', 'Storefront', 'Architecture', 'Street scene', 'Watercolor', 'Quick sketch', 'City life', 'Observational drawing', 'Doorway', 'Street furniture', 'Daily life', 'Café scene']",
2025-05-10,Morning #postcard 9: Coffee at home #scribble,at://did:plc:3kqj3ksyfct7pip5j5dnmjcu/app.bsky.feed.post/3lorrsix3ls2y,A Watercolour postcard of a tiny shelf full of tea and coffee stuff ,bafkreih7gjb5gdshhw6a5sdd2vkitdlv3ox2jw5ega4coffehjkxvqax7y.jpg,"A watercolor sketch of a kitchen storage shelf unit with three tiers, displaying various jars, containers, and kitchen items. The top shelf has an electric kettle and some storage jars, the middle shelf contains several mason jars, and the bottom shelf shows some books and larger storage containers. The sketch has a loose, casual style with quick brush strokes and minimal detail.","(['Light blue (background)', 'Brown (shelving)', 'Grey-blue (jars and kettle)', 'Purple (some containers)', 'Yellow/ochre (accent colors)', 'White (paper showing through)'],)","('Urban sketching/Quick watercolor sketch with ink linework, loose and impressionistic style',)","('A domestic storage shelf with kitchen items and containers, likely a pantry shelf or kitchen organization setup',)","['watercolor', 'sketch', 'kitchen', 'shelving', 'mason jars', 'storage', 'pantry', 'domestic scene', 'urban sketching', 'loose style', 'everyday objects', 'home interior', 'organizational', 'kitchen appliances', 'still life']",
2025-05-12,Morning #postcard 10: Vacation Coffee. Not pictured: sunrise over the MCG. #scribble,at://did:plc:3kqj3ksyfct7pip5j5dnmjcu/app.bsky.feed.post/3loyvzrthck2b,A blue and pink postcard inside a postcard ,bafkreiferxq3oxvfuur3upd4qqjd4l25esllnwhmt5oiec6hpqng5eznw4.jpg,"A quick watercolor sketch showing two people working behind what appears to be a counter or bar area. The scene is sketched in a loose, spontaneous style with a pendant light visible above. The piece is clipped to what looks like denim with a black binder clip.","(['Navy blue', 'Peach/Salmon pink', 'Light grey', 'White (paper)', 'Pale blue', 'Black (line work)'],)","(['Urban sketch', 'Quick watercolor', 'Loose illustrative style', 'On-location drawing', 'Gestural'],)","(""A casual café or restaurant scene captured from a customer's perspective, showing staff behind a counter with equipment, likely in a coffee shop or similar establishment"",)","['café sketch', 'urban sketching', 'watercolor', 'restaurant interior', 'counter service', 'hospitality scene', 'quick sketch', 'live drawing', 'architectural interior', 'coffee shop', 'on-location art']",
2025-05-13,Morning #postcard 11: Mile End Bagels #scribble,at://did:plc:3kqj3ksyfct7pip5j5dnmjcu/app.bsky.feed.post/3lp3ht6ncyc25,A watercolour postcard of an old building ,bafkreiauxw5n6prhjmphzu3jioktkxmqt5p65jn5cuhyimwc3ffgm3zigq.jpg,"A sketch of Chan & Chan Trading storefront held up against its real-world counterpart. The artwork shows a simple commercial building with three upper windows and a street-level shopfront, complete with a bicycle parked outside and a street lamp. The sketch is done in a loose, urban sketching style with watercolor washes.","(['Beige/tan (building facade)', 'Brown/rust (window details)', 'Grey (base and details)', 'Black (line work)', 'Subtle green accents', 'White (paper)'],)","(['Urban sketching', 'Architectural illustration', 'Quick sketch watercolor', 'On-location drawing'],)","('A commercial storefront building in what appears to be an urban setting, captured in both a hand-drawn illustration and shown against its real-life counterpart in the background',)","['urban sketch', 'architecture', 'storefront', 'watercolor', 'building illustration', 'street scene', 'trading company', 'commercial building', 'plein air', 'city sketch', 'architectural drawing', 'urban art']",
2025-05-18,Inside the state library dome. #scribble #urbansketch,at://did:plc:3kqj3ksyfct7pip5j5dnmjcu/app.bsky.feed.post/3lpgnbzlhnc2q,,bafkreiclttl5ligykag5vnflkrs62fj47kdxcidc53sklxprqyl4jd3due.jpg,"A watercolor sketch of people seated at a bar or counter, shown from a side view. The scene depicts several patrons sitting on wooden bar stools, with green desk lamps mounted on the wooden counter above. The atmosphere is captured in moody grays and browns, with one figure wearing a distinctive green garment.","(['Grey', 'Brown', 'Green', 'Red', 'Black', 'Yellow (lamp light)', 'White'],)","('Urban sketch/Watercolor illustration with loose, gestural qualities and quick observational drawing characteristics',)","('An interior scene of a bar or café counter, capturing a casual moment of people gathered in a public space, emphasizing the atmosphere and architectural details',)","['urban sketch', 'watercolor', 'bar scene', 'interior', 'architecture', 'people', 'bankers lamps', 'atmospheric', 'casual', 'observational drawing', 'café', 'counter seating']",
2025-05-20,Morning #postcard: Mr Summit cafe. #scribble #urbansketch,at://did:plc:3kqj3ksyfct7pip5j5dnmjcu/app.bsky.feed.post/3lpn5lm3iok27,A postcard watercolour of a person sitting in the window of a coffee shop ,bafkreigovyvdsczxrxffddtkwss667wleyjr3xwmfqaywr7pdg2j5j3y54.jpg,,"(['Black', 'Red', 'Yellow', 'Orange', 'Blue', 'Grey', 'Brown', 'Green'],)","(['Urban sketching', 'Watercolor illustration', 'Quick sketch', 'Loose gestural style', 'Mixed media'],)","('A café interior scene showing a storefront window with signage and a customer in an orange shirt seated at a counter, with decorative hanging plants adding to the ambiance',)","['café art', 'watercolor', 'urban sketch', 'coffee shop', 'interior scene', 'architecture sketch', 'lifestyle illustration', 'window scene', 'casual art', 'sketchbook', 'art supplies', 'palette']",
2025-05-30,Matildas vs Argentina #scribble,at://did:plc:3kqj3ksyfct7pip5j5dnmjcu/app.bsky.feed.post/3lqfatmw6gk2d,"A scribble of the back of a person's head in a stadium, as well as a security guard facing us  ",bafkreifn65ub4emx5rqmp5dlnrpdagyayy5etf4io5oowfsmon2covoiuu.jpg,,"(['Black', 'White paper', 'Greyscale through hatching'],)","(['Quick sketch', 'Gestural drawing', 'Loose line work', 'Expressive hatching', 'Urban sketching'],)","(['Left page: Abstract textural study with heavy shading and dynamic marks', 'Right page: Minimalist figure study showing person seated on chair', 'Both appear to be quick observational sketches'],)","['sketch', 'drawing', 'figure study', 'texture', 'hatching', 'pen drawing', 'abstract', 'gestural', 'sketchbook', 'observational drawing', 'line art']",
2025-05-30,Matildas vs Argentina #scribble,at://did:plc:3kqj3ksyfct7pip5j5dnmjcu/app.bsky.feed.post/3lqfatmw6gk2d,A scribble of the backs of people's heads in a stadium ,bafkreigmholr3d26cvcad332kujgati3lwifrnlw7cncln5ol5wyrskm2e.jpg,,"(['Black', 'White/Cream paper', 'Visible brown/tan clothing in background of photo'],)","(['Urban sketching', 'Gestural drawing', 'Quick observational sketches', 'Linear contour drawing', 'Loose expressive linework'],)","('Spectators at what appears to be a sporting event, captured in quick sketches showing both individual portraits and broader crowd scenes',)","['urban sketching', 'live drawing', 'sports audience', 'pen drawing', 'gestural', 'sketchbook', 'observational drawing', 'crowd scene', 'baseball cap', 'stadium', 'quick sketch', 'line drawing']",
2025-06-02,Finished the #scribble just as they stopped playing,at://did:plc:3kqj3ksyfct7pip5j5dnmjcu/app.bsky.feed.post/3lqntvy6ztc2a,,bafkreihmk53usjimj5jdecbwekxji3au62gho3xp6tsckkard5s26taz6i.jpg,,"(['Blue (piano and clothing)', 'Beige/Yellow (background)', 'Grey (shading)', 'White (paper)', 'Black (line work)'],)","(['Urban sketch', 'Quick gesture drawing', 'Loose watercolor', 'On-location sketch', 'Observational drawing'],)","('A figure playing a grand piano in what appears to be a performance venue or bar setting, captured in a loose, impressionistic style with minimal detail but effective capturing of pose and atmosphere',)","['pianist', 'urban sketch', 'watercolor', 'music', 'performance', 'piano', 'live drawing', 'venue', 'musician', 'instrument', 'quick sketch', 'live art']",
2025-06-06,Rainy day in the city. #scribble,at://did:plc:3kqj3ksyfct7pip5j5dnmjcu/app.bsky.feed.post/3lqxxwxphf22g,A watercolour postcard of a street from the top. A large tree changing colour dominates ,bafkreiezqrzhdcr4clrcsvelctkbc6baxwxasv53w5zuynqreqcayyqgfq.jpg,,"(['Grey', 'Yellow ochre', 'Orange', 'Olive green', 'Blue (small accent)', 'Black', 'White (paper)'],)","('Urban sketching/Quick watercolor study with loose, impressionistic qualities and pen and wash technique',)","('Urban street scene through a window, featuring city infrastructure and natural elements in an observational sketch style',)","['urban sketch', 'watercolor', 'streetscape', 'lamp post', 'autumn tree', 'cityscape', 'window view', 'pen and wash', 'quick sketch', 'observational drawing', 'street furniture', 'urban nature']",
2025-06-16,There was a dinosaur at breakfast. #scribble,at://did:plc:3kqj3ksyfct7pip5j5dnmjcu/app.bsky.feed.post/3lrqzo3htxk2v,,bafkreiekbjfwkcmxkcmnx4gnhlmc4ik5jqpn5uvp62ykffhxvn4eo33foe.jpg,,"(['Brown ink', 'White paper', 'Monochromatic'],)","(['Sketch', 'Cartoon', 'Quick gesture drawing', 'Humorous illustration', 'Line art'],)","('An anthropomorphized dinosaur in an office setting, combining prehistoric and modern business elements in a comedic way. The dinosaur is dressed in what appears to be business attire and is positioned at a desk with office furniture visible in the background.',)","['dinosaur', 'office', 'sketch', 'velociraptor', 'business', 'anthropomorphic', 'humor', 'desk', 'workplace', 'cartoon', 'pen drawing', 'quick sketch', 'business dinosaur', 'corporate art']",
2025-06-17,Disneyland! #scribble,at://did:plc:3kqj3ksyfct7pip5j5dnmjcu/app.bsky.feed.post/3lrrkeuimc22d,A brown pen scribble of Cinderella's castle,bafkreidpxkyafq2q37ae66tumqdgyiymzxyipsk2amrq4gx2jphdg7ti5i.jpg,,"(['Brown/Sepia', 'White/Off-white paper', 'Red (bookmark)', 'Black (binder clip)'],)","(['Quick sketch', 'Architectural drawing', 'Loose gestural style', 'Urban sketching', 'Line drawing'],)","('A fantasy or Disney-style castle with multiple towers and spires, drawn in an architectural sketch style with emphasis on vertical elements and Gothic-inspired features',)","['castle', 'architecture', 'sketch', 'fantasy', 'towers', 'spires', 'Gothic', 'fairytale', 'palace', 'drawing', 'ink sketch', 'architectural illustration', 'medieval', 'turrets']",
2025-06-18,#Scribbles from Disney Sea. The lines were endless!,at://did:plc:3kqj3ksyfct7pip5j5dnmjcu/app.bsky.feed.post/3lrvveiiuhs2z,,bafkreiev5dc7tcrp34aivvj4ygn3oaadds5i32wmretsognmijazjwp5ey.jpg,,"(['Light blue', 'Yellow', 'Coral pink', 'Sage green', 'Purple-grey', 'White (paper)', 'Black (line work)'],)","(['Loose gestural sketch', 'Urban sketching', 'Minimalist', 'Quick watercolor', 'Line and wash'],)","('A group of people with umbrellas, possibly depicting a rainy day scene or people waiting together. The composition suggests a casual, everyday moment captured in a spontaneous artistic style.',)","['umbrellas', 'watercolor', 'urban sketch', 'figures', 'rain', 'gestural', 'minimal', 'quick sketch', 'people', 'group', 'standing', 'atmospheric', 'loose style']",
2025-06-18,#Scribbles from Disney Sea. The lines were endless!,at://did:plc:3kqj3ksyfct7pip5j5dnmjcu/app.bsky.feed.post/3lrvveiiuhs2z,,bafkreiehh4mn5egryx42avaxpa7opofx66uqf57e3uxkysbfywqnwmssdi.jpg,,"(['Light blue', 'Pale yellow', 'Forest green', 'Purple', 'Black (for linework)'],)","('Urban sketching/Architectural illustration with loose watercolor technique, combining quick pen work with watercolor washes',)","('A decorative tower or lighthouse with Gothic architectural elements, including spires and what appears to be observation decks or balconies',)","['lighthouse', 'tower', 'architecture', 'watercolor', 'sketch', 'urban sketching', 'spires', 'Gothic', 'landscape', 'botanical', 'plein air', 'architectural illustration']",
2025-06-18,#Scribbles from Disney Sea. The lines were endless!,at://did:plc:3kqj3ksyfct7pip5j5dnmjcu/app.bsky.feed.post/3lrvveiiuhs2z,,bafkreihub4aom7oggnhi2kurh6mdbzsgtjf3xtfr2cp47le7sxmc3tuttq.jpg,,"(['Sky blue', 'Forest green', 'Terracotta brown', 'Yellow-beige', 'Grey', 'White'],)","('Urban sketch / Architectural illustration with loose watercolor technique and ink line work',)","('A vintage urban street scene featuring classical architecture, focusing on a commercial building exterior with period details like decorative street furniture and an antique automobile',)","['watercolor', 'urban sketch', 'vintage', 'storefront', 'architecture', 'street scene', 'awnings', 'classic car', 'street lamp', 'clock', 'building facade', 'historical', 'city scene', 'shop front']",
2025-06-20,Some Nagasaki #scribbles,at://did:plc:3kqj3ksyfct7pip5j5dnmjcu/app.bsky.feed.post/3lrzw6dysfs23,,bafkreidcm772nxcggw75zkao4rvgdyg5s4or3227ijbkqv3utlt4a7fkqy.jpg,,"(['Black (ink lines)', 'Grey (wash for torii)', 'Green (foliage)', 'White (paper)', 'Red (tiny umbrella detail)', 'Yellow (tiny umbrella detail)'],)","(['Urban sketching', 'Travel illustration', 'Architectural drawing', 'Japanese-inspired art', 'Loose watercolor technique'],)","('Japanese Shinto shrine entrance (torii gate) shown in both preliminary sketch and finished watercolor form, demonstrating the artistic process from initial concept to completed piece',)","['torii', 'Japanese architecture', 'shrine', 'urban sketch', 'watercolor', 'architectural drawing', 'process comparison', 'ink and wash', 'travel art', 'cultural landmark', 'before and after', 'sketch study']",
2025-06-20,Some Nagasaki #scribbles,at://did:plc:3kqj3ksyfct7pip5j5dnmjcu/app.bsky.feed.post/3lrzw6dysfs23,,bafkreiefxe7lep2gil4hh4q6ny4hvjgaloyjvhy7rye2idwp44fhnvugce.jpg,,"(['Black ink', 'White paper', 'Grey tones through line density'],)","(['Quick sketch', 'Urban sketching', 'Gestural drawing', 'Line drawing', 'Minimalist'],)","('A monumental statue on a stepped base, depicted from a low angle view, showing a figure in a triumphant or declarative pose with arms spread wide',)","['monument', 'statue', 'sketch', 'urban drawing', 'architecture', 'pen and ink', 'gestural', 'public art', 'quick drawing', 'memorial', 'platform', 'steps', 'figurative art']",
2025-06-20,Some Nagasaki #scribbles,at://did:plc:3kqj3ksyfct7pip5j5dnmjcu/app.bsky.feed.post/3lrzw6dysfs23,,bafkreife5bquxp6djdljtwzbhvyifojipsczrzzcolyj3xqf52m6eelway.jpg,,"(['Brown/Sepia', 'White (paper)', 'Warm tones'],)","(['Quick sketch', 'Architectural drawing', 'Urban sketching', 'Loose gestural style', 'Cross-hatching technique'],)","(""An architectural detail showing what appears to be a doorway or window frame with a house number '16', including structural elements and shadows"",)","['sketch', 'architecture', 'door', 'window', 'house number', 'crosshatching', 'urban sketch', 'pen drawing', 'architectural detail', 'column', 'frame', 'building', 'quick drawing', 'structural']",
2025-06-20,Some Nagasaki #scribbles,at://did:plc:3kqj3ksyfct7pip5j5dnmjcu/app.bsky.feed.post/3lrzw6dysfs23,,bafkreiazjfc5omemlktrwrsij4qij4qmdxwmn56hdiha7txsgvjank3doi.jpg,,"(['Blue-grey', 'Beige/tan', 'Yellow-green', 'Light blue (sky)', 'Grey (stonework)', 'Black (linework)'],)","(['Urban sketch', 'Plein air', 'Quick watercolor sketch', 'Loose gestural style', 'Observational drawing'],)","('A contemplative scene of someone viewing a stone bridge or viaduct in what appears to be a rural or parkland setting, captured in a spontaneous, sketch-like style',)","['watercolor', 'urban sketching', 'bridge', 'architecture', 'landscape', 'plein air', 'stone bridge', 'viaduct', 'outdoor sketch', 'nature', 'contemplative', 'loose style', 'atmospheric']",
2025-06-21,Couple more Nagasaki #scribbles,at://did:plc:3kqj3ksyfct7pip5j5dnmjcu/app.bsky.feed.post/3ls4dmxhhpc26,,bafkreiadktvycjf3cqgb7kk7seimpmnlbjxrtvpqgquimkqc6zavp3atu4.jpg,,"(['Grey', 'Pale blue', 'Beige', 'Green (foliage)', 'White (paper)', 'Black (ink lines)'],)","(['Urban sketching', 'Architectural illustration', 'Loose watercolor', 'Line and wash technique'],)","('Historic colonial-style building with two stories, featuring architectural elements such as a balcony, arched windows, and decorative columns. The sketch shows both the planning and final execution stages of the artwork.',)","['architectural sketch', 'urban sketching', 'colonial architecture', 'watercolor', 'ink drawing', 'building illustration', 'before and after', 'process sketch', 'historic building', 'balcony', 'columns', 'architectural detail', 'plein air', 'urban art']",
2025-06-21,Couple more Nagasaki #scribbles,at://did:plc:3kqj3ksyfct7pip5j5dnmjcu/app.bsky.feed.post/3ls4dmxhhpc26,,bafkreidulydfvj7twlfkida3trbwz7tuceidk2hhnrm4gr3rk5amfz4mna.jpg,,"(['Grey', 'Terracotta/brick red', 'Forest green', 'White (paper)', 'Black (ink lines)'],)","(['Urban sketch', 'Loose watercolor', 'Architectural illustration', 'Quick sketch', 'Pen and wash technique'],)","('Traditional East Asian architecture, specifically a pagoda or temple building with characteristic multi-level roofing and architectural details typical of Chinese, Japanese, or Korean design',)","['pagoda', 'temple', 'Asian architecture', 'watercolor sketch', 'urban sketching', 'architectural drawing', 'traditional building', 'oriental design', 'travel sketch', 'ink and wash', 'plein air', 'heritage building']",
2025-06-22,Nagasaki to Hiroshima in three train #scribbles,at://did:plc:3kqj3ksyfct7pip5j5dnmjcu/app.bsky.feed.post/3ls6te254v22c,,bafkreicexs4jktj2mmkfcvvkr6porwnobfq4r3xzpqjds6cmwfnlbge4mi.jpg,,"(['Black', 'White/cream paper', 'Grey (through hatching)'],)","(['Urban sketching', 'Quick gestural drawing', 'Line drawing', 'Cross-hatching technique', 'Observational sketch'],)","('A collection of stacked luggage or travel bags, drawn from observation, possibly in a transit setting or storage area',)","['sketch', 'luggage', 'travel', 'ink drawing', 'urban sketching', 'line art', 'bags', 'suitcases', 'travel sketch', 'observational drawing', 'quick sketch', 'hatching', 'journey drawing']",
2025-06-22,Shukkeien Garden #scribbles,at://did:plc:3kqj3ksyfct7pip5j5dnmjcu/app.bsky.feed.post/3ls6tio63vc2c,,bafkreiex6uj7szqnrf3lc4q5fd3njdc5rfls4x4ysgbxr4tcn2moydno2a.jpg,,"(['Sage green', 'Light grey', 'White', 'Black (for line work)', 'Subtle earth tones'],)","('Quick architectural sketch/Urban sketching with loose watercolor wash technique, combining pen and wash methods in a spontaneous, impressionistic style',)","('A garden pavilion or gazebo in what appears to be an Asian or Japanese style, featuring a distinctive peaked roof and surrounding garden elements',)","['Watercolor', 'Architectural sketch', 'Gazebo', 'Garden pavilion', 'Asian architecture', 'Urban sketching', 'Pen and wash', 'Landscape', 'Garden scene', 'Nature', 'Plein air', 'Quick sketch', 'Botanical', 'Outdoor structure']",
2025-06-22,Nagasaki to Hiroshima in three train #scribbles,at://did:plc:3kqj3ksyfct7pip5j5dnmjcu/app.bsky.feed.post/3ls6te254v22c,,bafkreie32o7ecvdhxnfzcicj5fj4jucvv6xamdejkscyav2eqc6mebjyoe.jpg,,"(['Black', 'White', 'Paper off-white'],)","(['Urban sketching', 'Line drawing', 'Quick sketch', 'Observational drawing', 'Architectural sketch'],)","(""Interior view of what appears to be a commercial space, likely a cafe or restaurant, showing service counters, display cases, and architectural elements drawn from a customer's viewpoint"",)","['urban sketch', 'interior drawing', 'cafe sketch', 'architectural drawing', 'line art', 'perspective drawing', 'restaurant interior', 'counter service', 'quick sketch', 'observational art']",
2025-06-22,Nagasaki to Hiroshima in three train #scribbles,at://did:plc:3kqj3ksyfct7pip5j5dnmjcu/app.bsky.feed.post/3ls6te254v22c,,bafkreibljxmr4nuu7kpx5mvrhjhw2yzuzgylgstcbcvps7lwlgvcuwilfu.jpg,,"(['Olive green', 'Blue', 'Grey', 'Black', 'White'],)","('Urban sketching/architectural sketch with loose watercolor and ink technique, quick gestural drawing style with minimal detail',)","('Interior architectural scene featuring a row of lockers or storage units in what appears to be an institutional or school corridor',)","['Urban sketch', 'Lockers', 'Corridor', 'Architecture', 'Interior', 'Watercolor', 'Perspective', 'School', 'Institutional', 'Quick sketch', 'Linear perspective', 'Architectural drawing']",
2025-06-22,Shukkeien Garden #scribbles,at://did:plc:3kqj3ksyfct7pip5j5dnmjcu/app.bsky.feed.post/3ls6tio63vc2c,,bafkreic7wlnguopt4qyyoauzp5bqnezocycdmyvavzuuhgfycqeixc47ge.jpg,,"(['Sage green', 'Light olive', 'Terra cotta red', 'Tan/beige', 'White (paper)', 'Black (ink lines)'],)","('Quick watercolor sketch/Urban sketching with loose, gestural qualities and minimal detail, combining ink lines with watercolor washes',)","('Traditional Japanese garden landscape featuring architectural elements and natural features typical of Asian garden design',)","['Japanese garden', 'Watercolor sketch', 'Garden bridge', 'Pavilion', 'Urban sketching', 'Landscape art', 'Zen garden', 'Asian architecture', 'Nature illustration', 'Plein air', 'Garden scene', 'Traditional garden']",
2025-06-23,Some Hiroshima #scribbles,at://did:plc:3kqj3ksyfct7pip5j5dnmjcu/app.bsky.feed.post/3lsbedfffus2q,,bafkreiglauhzpmtvwm5f3wqecbc6lnrjerm7dnznferjzauwjfe4diknmm.jpg,,"(['Brown/Sepia', 'White paper background', 'Monochromatic scheme'],)","(['Urban sketching', 'Linear drawing', 'Quick gestural sketch', 'Architectural illustration', 'Loose line drawing'],)","('An urban street scene featuring historic architecture, including a domed building, street furniture, and environmental elements like trees and railings',)","['Urban sketch', 'Architecture', 'Cityscape', 'Street scene', 'Dome', 'Lamppost', 'Historic building', 'Line drawing', 'European architecture', 'Street view', 'Quick sketch', 'Urban landscape']",
2025-06-23,Some Hiroshima #scribbles,at://did:plc:3kqj3ksyfct7pip5j5dnmjcu/app.bsky.feed.post/3lsbedfffus2q,,bafkreieomhjonlh27ldb47rxhbf7gatlw6clubvyygwzel4f4vk5qqcquq.jpg,,"(['Light blue', 'Orange', 'Purple (shadows)', 'White (paper)', 'Black (line work)'],)","(['Minimalist', 'Modern Japanese', 'Geometric', 'Line and wash', 'Contemporary illustration'],)","('Two origami paper cranes (tsuru) in a simple composition, representing traditional Japanese paper folding art in a modern artistic interpretation',)","['origami', 'paper crane', 'tsuru', 'watercolor', 'minimal', 'Japanese art', 'geometric', 'line drawing', 'birds', 'paper folding', 'illustration', 'contemporary']",
2025-06-23,Some Hiroshima #scribbles,at://did:plc:3kqj3ksyfct7pip5j5dnmjcu/app.bsky.feed.post/3lsbedfffus2q,,bafkreihv5hk3v77rwvualocepst3x7dxpv2nbj7nqlaodn3nxkck6caygi.jpg,,"(['Yellow ochre', 'Sage green', 'Grey', 'White (paper)', 'Black (ink lines)'],)","('Urban sketch/architectural watercolor illustration with loose, gestural line work combined with watercolor washes',)","('An architectural scene featuring a classical building (possibly a government building, university, or civic institution) viewed from a park or public space, with urban infrastructure elements in the foreground',)","['Architecture', 'Urban sketch', 'Watercolor', 'Dome', 'Street lamp', 'Park', 'Classical building', 'Landscape', 'Urban scene', 'Heritage building', 'Plein air', 'City sketch', 'Garden', 'Architectural illustration']",
2025-06-23,Some Hiroshima #scribbles,at://did:plc:3kqj3ksyfct7pip5j5dnmjcu/app.bsky.feed.post/3lsbedfffus2q,,bafkreibfag23ypdhj7nucqn5hpcgkxfgaliv6pbxwp362iursnbuzojhh4.jpg,,"(['Brown (earth tones)', 'Grey', 'Olive green', 'Beige/Sand', 'White (paper)', 'Black (ink lines)'],)","('Urban sketching/Architectural illustration with loose watercolor wash and ink linework',)","('Traditional Japanese architecture, specifically a castle or temple entrance with characteristic fortification walls, bridge, and traditional roof architecture',)","['Japanese architecture', 'Castle', 'Temple', 'Urban sketch', 'Watercolor', 'Architecture illustration', 'Bridge', 'Traditional building', 'Asian architecture', 'Fortress', 'Historical building', 'Architectural drawing', 'Travel sketch', 'Oriental architecture']",
2025-06-25,Himeji castle #scribble by day and night,at://did:plc:3kqj3ksyfct7pip5j5dnmjcu/app.bsky.feed.post/3lsghpq7vbs2o,,bafkreig7mwkri7cii4lsf2d7b5y45ricnpyqsleun2p4tbjs3zwpxs6j7a.jpg,,"(['Light blue (sky)', 'Grey (castle structure)', 'Green (foliage)', 'Yellow (hat)', ""Blue (figure's clothing)"", 'White (paper)', 'Brown (earth tones)'],)","('Urban sketching/Travel journal illustration with loose watercolor and ink technique, combining architectural drawing with impressionistic elements',)","('Japanese architecture and landscape, featuring a traditional castle complex with surrounding natural elements and a viewer figure for scale',)","['Japanese castle', 'Watercolor sketch', 'Urban sketching', 'Architecture illustration', 'Travel art', 'Plein air', 'Landscape', 'Traditional Japanese', 'Castle towers', 'Trees', 'Nature', 'Asian architecture', 'Quick sketch', 'Ink and wash']",
2025-06-25,Himeji castle #scribble by day and night,at://did:plc:3kqj3ksyfct7pip5j5dnmjcu/app.bsky.feed.post/3lsghpq7vbs2o,,bafkreiauaanyfhmp7uccte66wflrlaupwxbw5nlyjhsapxewmm75cscaca.jpg,,"(['Sepia', 'Brown', 'White (paper)', 'Black (ink lines)', 'Beige'],)","(['Urban sketching', 'Architectural illustration', 'Line drawing', 'Monochromatic wash', 'Quick sketch'],)","('Traditional Japanese castle architecture (possibly Himeji Castle or similar) featuring multiple stories, distinctive roof styling, and traditional East Asian architectural elements',)","['Japanese architecture', 'Castle', 'Pagoda', 'Urban sketch', 'Architectural drawing', 'Sepia', 'Asian architecture', 'Traditional building', 'Temple', 'Fortress', 'Historical architecture', 'Brown wash', 'Line art']",
2025-06-26,Engyōji temple's learning house in Himeji. #scribble,at://did:plc:3kqj3ksyfct7pip5j5dnmjcu/app.bsky.feed.post/3lsj34k4kcc2l,,bafkreibfusipy6crdd34kh2ognop6jfohvv3lgp474bfz5agdlka2ndf2e.jpg,,"(['Grey-brown', 'Sage green', 'Light blue', 'Beige/tan', 'White (paper)', 'Black (ink lines)'],)","(['Urban sketch', 'Architectural illustration', 'Loose watercolor', 'Quick sketch', 'Pen and wash'],)","('Traditional East Asian architecture, likely a Korean or Japanese temple or palace building with characteristic multi-tiered construction and distinctive curved roof design',)","['Asian architecture', 'Temple', 'Palace', 'Watercolor sketch', 'Urban sketching', 'Traditional building', 'Architectural drawing', 'Pagoda style', 'Heritage building', 'Historical architecture', 'Travel sketch', 'Oriental design']",
2025-06-26,Himeji castle #scribble from train station,at://did:plc:3kqj3ksyfct7pip5j5dnmjcu/app.bsky.feed.post/3lsj2ybee7k2l,,bafkreicxbdykrgbdrvbss7jaygeykfeejagtbgfgxtv5crskkp7k4prezq.jpg,,"(['Grey', 'Olive green', 'Brown', 'White (paper)', 'Yellow (accent)', 'Pink/Red (accent)'],)","(['Urban sketching', 'Watercolor illustration', 'Quick sketch', 'Architectural drawing', 'Loose gestural style'],)","('A juxtaposition of traditional Japanese architecture (castle/pagoda) against modern city buildings, showing the contrast between old and new Japan in an urban setting',)","['Japanese castle', 'Urban landscape', 'Architecture', 'Watercolor sketch', 'Cityscape', 'Pagoda', 'Skyscrapers', 'Urban nature', 'Travel sketch', 'Asian architecture', 'Urban sketching', 'Traditional meets modern']",
2025-06-27,A 5m tall temple guardian. Currently at the Nara national museum. Wasn't allowed to #scribble in pen inside the museum.,at://did:plc:3kqj3ksyfct7pip5j5dnmjcu/app.bsky.feed.post/3lslhqctouk2w,,bafkreickngshyrlldojxnacpksidqihsmb4misoyecwauwpeckjttml6zi.jpg,,"(['Blue', 'White (paper)', 'Various shades of blue through hatching and line work'],)","(['Gestural sketch', 'Quick study', 'Loose line drawing', 'Japanese-influenced illustration', 'Contemporary figure drawing'],)","('A monumental figure drawn in a dynamic pose, suggesting either a statue or mythological character, with a smaller human figure included for scale reference',)","['sketch', 'monumental figure', 'topknot', 'blue ink', 'figure drawing', 'scale comparison', 'gesture drawing', 'Japanese style', 'muscular figure', 'standing pose', 'architectural scale', 'human proportion', 'ink drawing', 'character design']",
2025-06-27,The Great Buddha #scribble inside Todai-ji Daibutsuden,at://did:plc:3kqj3ksyfct7pip5j5dnmjcu/app.bsky.feed.post/3lslht7cpds2w,,bafkreidv3jtzydyi4fsx4ri6d7ck6zdu4jrii5e3yrtvue3iuhoi3iniwu.jpg,,"(['Black', 'White', 'Off-white paper tone'],)","(['Quick sketch', 'Line drawing', 'Urban sketching', 'Gestural drawing', 'Architectural illustration'],)","('A scene depicting visitors viewing a large statue or sculpture in what appears to be a museum or temple setting, with architectural elements and a queue of people shown in minimalist style',)","['sketch', 'architecture', 'museum', 'statue', 'visitors', 'queue', 'columns', 'ink drawing', 'urban sketch', 'temple', 'monument', 'tourism', 'people', 'architecture sketch', 'perspective drawing']",
2025-06-27,A 5m tall temple guardian. Currently at the Nara national museum. Wasn't allowed to #scribble in pen inside the museum.,at://did:plc:3kqj3ksyfct7pip5j5dnmjcu/app.bsky.feed.post/3lslhqctouk2w,,bafkreihvpxtzipierol7cpe4elqajjuzemeh4bhereq76c2veoknmk5x7m.jpg,,"(['Grey (from pencil)', 'White (paper)', 'Off-white/cream (paper)', 'Black (binder clips)'],)","(['Gestural drawing', 'Quick sketch', 'Life drawing', 'Figure study', 'Loose expressive line work'],)","(['Standing figure in motion', 'Human form studies', 'Body posture', 'Anatomical sketches', 'Movement studies'],)","['sketch', 'figure drawing', 'gesture', 'anatomy', 'movement', 'study', 'pencil art', 'sketchbook', 'human form', 'drawing practice', 'line work', 'quick sketch']",
2025-06-28,One of my favourite #scribbles of the trip. Happened upon two Canadian women painting the Isuien Gardens with sumi ink. We sat and drew together for a while,at://did:plc:3kqj3ksyfct7pip5j5dnmjcu/app.bsky.feed.post/3lspasuxf3s2f,,bafkreic32ovjga7zwt54dcwi4jbd3bmszehnjxsgnoxx5dt7jkfuseiqh4.jpg,,"(['Black', 'White/Off-white background', 'Slight blue-green tint in the paper'],)","(['Sketch', 'Urban sketching', 'Observational drawing', 'Line drawing', 'Quick gestural drawing'],)","('An outdoor residential scene featuring patio furniture, architectural elements, and garden vegetation captured in a spontaneous, sketch-like manner',)","['sketch', 'garden', 'patio', 'outdoor furniture', 'landscape', 'architecture', 'trees', 'ink drawing', 'line art', 'outdoor space', 'garden furniture', 'backyard', 'urban sketch', 'observational drawing']",
2025-06-28,To-in Teien Garden #scribble Nara,at://did:plc:3kqj3ksyfct7pip5j5dnmjcu/app.bsky.feed.post/3lsnbkyzpes2j,,bafkreigigvcemuoo5bbbqj6gkxlzfg2nahtl2pyvzzlgahklsj4skhskfu.jpg,,"(['Red (temple roof and structure)', 'Green (foliage)', 'Light blue (sky)', 'Brown (ground)', 'Black (linework)', 'White (paper)', 'Olive green (vegetation)'],)","(['Urban sketching', 'Watercolor sketch', 'Loose impressionistic', 'Plein air', 'Quick architectural sketch'],)","('Traditional Japanese architecture in a natural setting, specifically a shrine or temple building with characteristic Asian architectural features including raised platform construction and distinctive roof design',)","['Japanese architecture', 'Temple', 'Shrine', 'Watercolor', 'Sketch', 'Asian architecture', 'Landscape', 'Garden', 'Traditional building', 'Nature', 'Urban sketching', 'Architectural illustration', 'Plein air painting']",
2025-06-28,Ukimido Pavilion #scribble in Nara,at://did:plc:3kqj3ksyfct7pip5j5dnmjcu/app.bsky.feed.post/3lsnohs7mhc27,,bafkreicdcwgb4qner6qo5o4brwrhuemwersqqoclcca7qfqq7inpxi7wry.jpg,,"(['Olive green', 'Sage green', 'Warm brown', 'Grey', 'White (paper)', 'Black (ink lines)'],)","(['Urban sketch', 'Plein air', 'Loose watercolor', 'Architectural illustration', 'Quick sketch'],)","('A traditional East Asian garden pavilion or tea house over water, featuring traditional architecture with upturned roof edges and supporting posts, typical of Chinese or Japanese garden design',)","['pagoda', 'watercolor', 'Asian architecture', 'garden pavilion', 'landscape sketch', 'zen garden', 'water reflection', 'architectural drawing', 'nature', 'oriental design', 'outdoor scene', 'traditional building']",
2025-06-28,#Scribble from inside the Isuien Garden tea house,at://did:plc:3kqj3ksyfct7pip5j5dnmjcu/app.bsky.feed.post/3lsnbo54sfk2j,,bafkreiggpdsfkg6xvw43ggvptygg6pa63miw7n7cnr4upb4aadcdksnobi.jpg,,"(['Sepia brown', 'White', 'Cream', 'Beige background (tatami mat visible)'],)","(['Japanese ink wash', 'Minimalist', 'Sketching', 'Traditional Asian art influence'],)","('A traditional Japanese window view combining natural elements (trees and branches) with architectural elements (window grid pattern), creating a peaceful composition typical of Japanese interior scenes',)","['Japanese window', 'Shoji screen', 'Ink sketch', 'Nature view', 'Tree branches', 'Grid pattern', 'Asian art', 'Interior scene', 'Minimalist', 'Traditional', 'Sepia', 'Window pane', 'Japanese architecture']",
2025-06-30,Osaka castle #scribble,at://did:plc:3kqj3ksyfct7pip5j5dnmjcu/app.bsky.feed.post/3lssbcbhn4k2a,,bafkreiey6qtn2xtphkveb7x4ldu7oq7rlsqtckdqbfldfs635ledbl63te.jpg,,"(['Green (foliage and roof)', 'Light blue (sky)', 'Grey (stone walls)', 'White (building structure)', 'Brown (ground)', 'Yellow (architectural accents)'],)","(['Urban sketch', 'Loose watercolor', 'Architectural illustration', 'Quick sketch', 'Plein air style'],)","('Japanese castle architecture (likely Osaka Castle or similar traditional Japanese fortress) with its distinctive multi-tiered pagoda design, stone foundation, and surrounding landscape',)","['Japanese architecture', 'Castle', 'Pagoda', 'Watercolor', 'Urban sketching', 'Traditional building', 'Asian architecture', 'Heritage building', 'Travel sketch', 'Architectural drawing', 'Fortress', 'Historical building']",
2025-07-01,Ye olde lampe #scribble,at://did:plc:3kqj3ksyfct7pip5j5dnmjcu/app.bsky.feed.post/3lsuvwlipoc2m,,bafkreiajvvczzuema74zcb27ibpit5hy3jdcix4eupcdsiykj3jvks6aym.jpg,,"(['Sepia brown', 'White paper', 'Warm brown tones', 'Natural paper color'],)","(['Loose sketching', 'Minimal wash drawing', 'Observational study', 'Quick gesture drawing'],)","('A traditional style table lamp with a turned wooden base and bell-shaped fabric shade, positioned on what appears to be a small table or surface. The sketch captures the basic form and structure of a domestic lighting fixture.',)","['lamp', 'sketch', 'sepia', 'monochrome', 'interior', 'furniture', 'home decor', 'wash drawing', 'table lamp', 'domestic', 'lighting', 'traditional', 'study', 'observational']",
2025-07-02,The Byodo-in Temple is just gorgeous. #scribble,at://did:plc:3kqj3ksyfct7pip5j5dnmjcu/app.bsky.feed.post/3lsx6p36rfk26,,bafkreibtknfhjjhnmyzyq3wz34d45gpvoyrezrqjwyc4rv22glngz55iba.jpg,,"(['Sepia brown', 'White (paper)', 'Various tonal values of brown', 'Cream undertones'],)","(['Architectural sketch', 'Loose watercolor', 'Impressionistic', 'Quick study', 'Monochromatic'],)","('Traditional East Asian architecture, specifically a temple or palace complex with characteristic multiple-tiered roofs, central courtyard arrangement, and traditional architectural details typical of Chinese, Japanese, or Korean classical building design.',)","['temple', 'architecture', 'East Asian', 'watercolor', 'sepia', 'sketch', 'traditional building', 'palace', 'pagoda', 'architectural illustration', 'monochromatic', 'loose style', 'heritage building', 'Asian architecture', 'architectural study']",
2025-07-02,Temple lilies #scribble,at://did:plc:3kqj3ksyfct7pip5j5dnmjcu/app.bsky.feed.post/3lsxezhypck2w,,bafkreidncv2uufjnvqcqsh66pppwjjrgkbel5vusyd6x67vzqt2ynfd75u.jpg,,"(['Green (various shades)', 'Yellow', 'Gray', 'Black', 'White (paper)', 'Light pink (in bud)'],)","('Botanical illustration with loose watercolor technique, combining precise linework with informal watercolor washes',)","('A potted water lily plant (Nymphaea) showing leaves, flower, and bud in a simple black container',)","['botanical', 'watercolor', 'water lily', 'lily pad', 'potted plant', 'garden art', 'nature illustration', 'floral art', 'aquatic plant', 'loose style', 'botanical sketch', 'garden sketch']",
2025-07-02,The Byodo-in Temple is just gorgeous. #scribble,at://did:plc:3kqj3ksyfct7pip5j5dnmjcu/app.bsky.feed.post/3lsx6p36rfk26,,bafkreicff7qhcdwfruxfksd7cragyzwnz4asi6c3sd6knohopfvz4ils6u.jpg,,"(['Black', 'White paper', 'Grey tones through line density'],)","(['Quick sketch', 'Gestural drawing', 'Line drawing', 'Urban sketching', 'Loose illustrative style'],)","('A traditional Japanese or Chinese temple architecture in a garden landscape setting, captured in a rapid sketching style that emphasizes the essential architectural features and surrounding natural elements',)","['Temple', 'Pagoda', 'Asian architecture', 'Garden sketch', 'Landscape drawing', 'Urban sketch', 'Architecture illustration', 'Pen drawing', 'Quick sketch', 'Oriental building', 'Garden scene', 'Traditional architecture']",
2025-07-03,Kiyomizu-dera temple #scribble,at://did:plc:3kqj3ksyfct7pip5j5dnmjcu/app.bsky.feed.post/3lt3wikl24c2j,,bafkreiawxkpqchr4s56zpg3tqku6eayruyz5pxwqmosnrazwp66dc3ebdi.jpg,,"(['Red (temple buildings)', 'Green (foliage)', 'Grey (stone steps and lanterns)', 'Yellow (umbrella detail)', 'White (paper)', 'Blue (figure details)'],)","(['Urban sketching', 'Loose watercolor', 'Quick gestural drawing', 'Japanese-inspired', 'Plein air'],)","('A traditional Japanese temple or shrine entrance with its characteristic architecture, stone lanterns, and steps, captured in a quick, impressionistic style',)","['Japanese architecture', 'Temple', 'Shrine', 'Urban sketch', 'Watercolor', 'Stone lanterns', 'Temple steps', 'Garden', 'Traditional architecture', 'Asian architecture', 'Plein air', 'Travel sketch', 'Architectural illustration']",
2025-07-03,Kiyomizu-dera temple #scribble,at://did:plc:3kqj3ksyfct7pip5j5dnmjcu/app.bsky.feed.post/3lt3wikl24c2j,,bafkreih225cxm7w3bzrzwrpu2hi5aew4lqxepaplxpmfmqkgll3sfmnqmi.jpg,,"(['Orange-red (temple structure)', 'Gray/Black (roof and details)', 'Light blue (sky)', 'Green (foliage)', 'White (paper/negative space)', 'Gray (ground/shadows)'],)","(['Urban sketching', 'Architectural illustration', 'Loose watercolor', 'Quick sketch', 'Travel journal art'],)","('A traditional Japanese temple or shrine building (possibly a pagoda or temple gate) with architectural details and some visitors sketched in the foreground',)","['Japanese architecture', 'Temple', 'Pagoda', 'Watercolor sketch', 'Urban sketching', 'Asian architecture', 'Traditional building', 'Travel art', 'Architectural drawing', 'Temple gate', 'Torii', 'Cultural heritage']",
2025-07-05,Walked through a lot of Torii gates. #scribble,at://did:plc:3kqj3ksyfct7pip5j5dnmjcu/app.bsky.feed.post/3ltausjby522e,,bafkreiantx5m3rlbydm766kbhwvijwpdlvenzvgcgctmz42wpajeasocum.jpg,,"(['Vermillion/Orange-red (torii gate)', 'Grey (shadows and structures)', 'Green (foliage)', 'White (paper/negative space)', 'Light yellow (figure details)'],)","(['Urban sketching', 'Loose watercolor', 'Quick gesture drawing', 'Architectural illustration', 'Travel sketch'],)","('A Japanese Shinto shrine entrance with its characteristic torii gate and surrounding architecture, with people shown as simple stick figures to indicate scale and activity',)","['Japanese architecture', 'Torii gate', 'Shrine', 'Urban sketch', 'Watercolor', 'Travel art', 'Architecture illustration', 'Japan', 'Traditional', 'Street scene', 'Plein air', 'Cultural landmark']",
2025-07-05,Came to Japan to experience the Kulcha (and buy fancy ink). #scribble,at://did:plc:3kqj3ksyfct7pip5j5dnmjcu/app.bsky.feed.post/3lt6kcepw7223,,bafkreih2d6hc6m42vvvffm5avzmgxkrpxnejghk7emnqptpkaboqaralkq.jpg,,"(['Purple', 'Mauve', 'White (paper)', 'Grey (shadows)', 'Pink undertones'],)","(['Quick sketch', 'Loose watercolor', 'Urban sketching', 'Observational drawing', 'Line and wash technique'],)","(""A casual tea service setting from what appears to be a café or tea room named 'PAUL', featuring traditional tea serving vessels rendered in a quick, artistic style"",)","['teapot', 'teacup', 'creamer', 'PAUL café', 'watercolor', 'sketch', 'purple', 'tea service', 'still life', 'café sketch', 'urban sketching', 'tea time', 'beverage illustration']",
2025-07-05,Higashi Hongan Temple #scribble,at://did:plc:3kqj3ksyfct7pip5j5dnmjcu/app.bsky.feed.post/3lt7c7rawqc2q,,bafkreiegc43gpncysaah2gaqp7agmp6uue3rpu6lpg2bbr5nlubcdfy6ua.jpg,,"(['Purple', 'Pink', 'White (paper)', 'Various shades of mauve', 'Subtle gray tones'],)","(['Quick urban sketch', 'Loose watercolor', 'Architectural illustration', 'Plein air drawing', 'Monochromatic study'],)","('A Japanese temple or pagoda complex with traditional architecture, including a prominent multi-tiered roof structure, surrounded by smaller buildings and populated with small figure studies',)","['Japanese architecture', 'Temple', 'Pagoda', 'Urban sketch', 'Watercolor', 'Purple', 'Traditional', 'Asian architecture', 'Historical building', 'Architectural drawing', 'Plein air', 'Cultural heritage', 'Travel sketch', 'Buddhist temple', 'Oriental architecture']",
2025-07-06,Last shinkansen of the trip :( #scribble,at://did:plc:3kqj3ksyfct7pip5j5dnmjcu/app.bsky.feed.post/3ltbkppfoyk2y,,bafkreigrevojqaznfxtgvatpn7sa7g6uyntscfo4wsctawr5qcwv5zxqai.jpg,,"(['Black', 'White/cream paper', 'Slight blue tint visible at edge of photo'],)","(['Urban sketch', 'Quick observational drawing', 'Linear sketch', 'Gestural drawing', 'Perspective drawing'],)","(""Interior view of what appears to be public transportation seating, showing seats, windows, and architectural details sketched from a passenger's viewpoint"",)","['sketch', 'transportation', 'interior', 'perspective', 'urban sketching', 'public transit', 'seats', 'windows', 'commute', 'pen drawing', 'linear', 'observational', 'quick sketch', 'travel drawing']",
2025-07-07,Escaping the rain (that never came) at Meiji Jingu. #scribble,at://did:plc:3kqj3ksyfct7pip5j5dnmjcu/app.bsky.feed.post/3ltdoju2uy22f,,bafkreictzaz4oeshhzwuyzbz55qtieuopnatijpqbknebn5nfsycyxaqry.jpg,,"(['Green (trees)', 'Grey (background and shadows)', 'Brown (temple roof)', 'Blue (clothing details)', 'Yellow (umbrella accents)', 'White (paper showing through)', 'Coral/pink (umbrella accents)'],)","(['Urban sketch', 'Loose watercolor', 'Quick gesture drawing', 'Minimalist', 'Travel journal art'],)","('A crowded scene at a Japanese temple or shrine, with visitors holding umbrellas beneath towering trees, capturing the atmosphere of a busy tourist destination or religious site in Japan',)","['Japanese architecture', 'Temple', 'Urban sketching', 'Watercolor', 'Crowd scene', 'Umbrellas', 'Trees', 'Travel art', 'Asian culture', 'Plein air', 'Traditional building', 'Tourist destination']",
2025-07-13,Ink and wash #scribbles,at://did:plc:3kqj3ksyfct7pip5j5dnmjcu/app.bsky.feed.post/3lttai2f37c2z,,bafkreiahqu4didr6x5tl4o4w4r2fdgbove3xdjpjt4gkfn42yqut6l4vty.jpg,,"(['Red', 'Pink (diluted red)', 'White (paper)', 'Light grey (visible wood grain in background)'],)","(['Loose gestural', 'Expressive', 'Minimalist', 'Quick sketch', 'Contemporary botanical', 'Monochromatic'],)","('A simple floral arrangement or bouquet, depicted in a vertical composition with emphasis on movement and organic forms',)","['flowers', 'botanical', 'watercolor', 'sketch', 'red', 'monochromatic', 'gestural', 'expressive', 'bouquet', 'minimalist', 'nature', 'floral art', 'contemporary']",
2025-07-13,Ink and wash #scribbles,at://did:plc:3kqj3ksyfct7pip5j5dnmjcu/app.bsky.feed.post/3lttai2f37c2z,,bafkreifr7epa57rxuyu7aj2hh2ezi7gxck4gwox2qk7oochmiv74behdzy.jpg,,"(['Red', 'Black', 'White (paper)', 'Pink (diluted red)'],)","(['Urban sketching', 'Gestural drawing', 'Quick sketch', 'Line and wash', 'Minimalist', 'Impressionistic'],)","('Street scene with multiple figures in an urban environment, captured in a quick, observational style showing people standing and interacting in what appears to be a public space',)","['urban sketch', 'street scene', 'figures', 'red ink', 'gestural', 'quick drawing', 'people', 'public space', 'observational drawing', 'minimal', 'loose style', 'ink wash', 'line drawing']",
2025-07-13,Ink and wash #scribbles,at://did:plc:3kqj3ksyfct7pip5j5dnmjcu/app.bsky.feed.post/3lttai2f37c2z,,bafkreicbtb2ukmkiy4tu642bwkuolyykmomc4i6l5my3qp23ch3qcy7m3e.jpg,,"(['Red', 'Pink (diluted red)', 'White (paper)', 'Black (ink lines)'],)","(['Urban sketching', 'Architectural illustration', 'Loose gestural drawing', 'Quick observational sketch', 'Monochromatic with emphasis on red tones'],)","(""A classical or Victorian-style building exterior, likely a public building or institution with 'Queen' in its name, including architectural details and figures for scale"",)","['urban sketch', 'architecture', 'building facade', 'red ink', 'watercolor', 'classical architecture', 'street scene', 'quick sketch', 'architectural drawing', 'Victorian building', 'streetscape', 'arched entrance', 'gestural drawing', 'on-location drawing']",
2025-07-13,Ink and wash #scribbles,at://did:plc:3kqj3ksyfct7pip5j5dnmjcu/app.bsky.feed.post/3lttai2f37c2z,"
",bafkreicwivlo4oowql2b5g24ugslaaxasb52zs4tcsbslne6euom6csbxa.jpg,,"(['Red', 'White (paper)', 'Pink (diluted red)', 'Grey (from pencil lines)'],)","(['Gestural sketch', 'Quick study', 'Urban sketching', 'Linear drawing', 'Loose illustrative style'],)","('A standing figure and a smaller seated or crouching figure, possibly representing an adult and child in a casual scene. The sketch captures their relative sizes and postures in a minimal, expressive way.',)","['sketch', 'red ink', 'figures', 'urban sketching', 'gestural drawing', 'quick study', 'monochromatic', 'parent and child', 'people', 'illustration', 'minimal', 'expressive']",
